solidity,solc,contract
0x3c2168de4386a100aedb89b0213e5f8aac6b956c.sol,0.4.24,ForeignBridgeFactory
0x628Ac7C9742a52931486b9af6e54db4511FeFE42.sol,0.6.6,AccessControlledAggregator
0x73f76fb521799305111d6846f03fce037a9f350d.sol,0.4.18,JJKcoin
0x149e42662e99330889664eee7b474d9eedc40a12.sol,0.5.15,ERC20Token
0x79F9ADfBe1bcFfDfE113019602D823C4c47BB30e.sol,0.5.0,MB
0x9ce9b5445fb3333b5c50b2899b374cd6aab1f7ee.sol,0.4.26,EINSTEIN
0x19b57d7e23fa2753261cadae7b5287d17bb83033.sol,0.5.0,MetricsGroup
0x63d0b16a7ba54ea173c1d2eae9b701c146d86caf.sol,0.4.24,FILF
0x78aee0fb519ec6f8f79b721e5b402cf653dfaa62.sol,0.4.26,EParadise
0x4cb52705daebc2d68b7dfd48a960bc249c035f9a.sol,0.5.11,ErazerToken
0xb256fdd544e7a4edcdaf803c80ef667a92b5b11d.sol,0.4.21,BCCToken
0x3117dc163461dabd03289e02bc47cc19fe47190b.sol,0.5.0,Staking
0xb51f64a297122d44822fcceecea3ae63b98f4297.sol,0.4.16,AIB
0x5b05dd24fdf2ff814d691c87c15be93c941cd558.sol,0.5.0,ERC20Token
0x7cdf69e2eddac410a652bb51cf428d97ca406d8e.sol,0.4.23,MainToken
0x70e7f1ada9414640c701b49ccd78feffc8f8a571.sol,0.4.24,Verpol
0xa33627d267892ecf4bfe64bc93f73d6aa18f6d99.sol,0.4.17,TetherToken
0x7163b91c325BD05BEDe113c4Cb8e31A12C789B7d.sol,0.4.17,TetherToken
0x6884a495E0961FD509350D20bC7059516fAC7CE5.sol,0.4.23,MainToken
0xa898af554d84e8467845825c38806f84bc9e231f.sol,0.4.19,HLC
0x8bd340320af90df3b66043887a57059bb856da5b.sol,0.5.2,MxnToken
0x6f10960a8513f1178755e8e24fbfca0fdc674dad.sol,0.4.26,FOSS
0x20302a4b03bff8bdaff0d2e3884cab695c6fa8ef.sol,0.4.23,MainToken
0x56288db47a268810fa49a505044919af82e9088a.sol,0.5.10,JTC
0x4e88e93b01007e92e617aeb60771249e76c2c0b2.sol,0.4.24,FucksToken
0x2b6695a4a36f388980c559137135fb2906d6f20f.sol,0.4.24,Berry
0x1468279ED9EC554E836a954897Ebddc4E366a10f.sol,0.4.17,TetherToken
0x28EE842FAb8e79E85867752A622Fe3Dbc658fc33.sol,0.5.8,PointKRW
0x408574d2615694bb6d6957db749e2b2f571b38c6.sol,0.4.24,HKExCoin2
0x7149d21e781a891df0dd29d2abcd95380122ba45.sol,0.4.24,CYP
0xb25097941cf568160bb16a7d41e005ad72018088.sol,0.5.0,Xbrl
0x38fc8d7e9429b42371372a0f08e6f060a0ed54b7.sol,0.5.0,HagiBis
0x5dbff1e8ebdbdcbced49335da4b19e9f7d9bb9f6.sol,0.5.0,Staking
0xb6da0d9064a38faa054e9ecd44f09b4b41691f7b.sol,0.4.24,ZhengHeTOKEN
0x96af491b0a4203b2f1e0b72d94c4395702e42508.sol,0.5.0,etfToken
0x61806745537cbff07dc15085ac06f2ccb9547845.sol,0.5.4,PAIIK
0xb7605bdbe8206f0817a5f1413413d4944a4f1ea1.sol,0.4.24,StandardToken
0x797be12a4d10033fe1964f2be59a7c7b7a5a932b.sol,0.4.24,BTC3L
0x4ca91f13fdb0ce461d5b09b74f3094652688043b.sol,0.5.16,KEPENG
0x1f0bb7eba2984e62eb49f019709f36014744442c.sol,0.4.24,Theo
0xa9303976884a5ecbed0e771243b36547542f86a2.sol,0.4.20,BebPos
0x6195Fc2b3C2ccB00F0A4A2504bdfB8EA1376aeC4.sol,0.6.11,ERC20
0x4bd01086859265d7c32cb2b921d79e75eb1b9116.sol,0.4.26,HKD
0x453abb8b59e5609beb523d2459d4f16a548dfb4a.sol,0.5.7,GoldenCoinP
0x0c55c364d30be315c44c8b911d769c9530016937.sol,0.5.7,Spas157Coin
0x2865d36470c2ab547c7d2024e211dcdc6e542e60.sol,0.4.18,Avalon
0xa869d7a09c6d5ef7ddba11529e26c6dd7480c6d4.sol,0.4.24,MOJOCRYPTO
0x2f18b5d67a60e49fe52528a602f489a232446d94.sol,0.5.0,Staking
0x7370deef84c4704f7549f8a71ae41569a21efe48.sol,0.4.24,Leaf
0x6736077ae034e16f7fafd2d5ed1358370fda1f88.sol,0.4.19,PHEToken
0x9d52fd110a3405f7475a4d7e90b83cc4f1a51c4a.sol,0.5.0,ERC20
0x4f1a6ded6159d06ea803b8b611c54ad8e2841455.sol,0.5.0,Creationism
0x80d5ad7bbf5f45017c9c432fa25900b8ea6bec61.sol,0.5.15,JasmyCoin
0xb2b9d7ba7b7e5fb4e51a8bac83fd43e90c947dc5.sol,0.4.24,AmpleforthWrapper
0x6577adb85e955ef28cfb2a02ec1826a6e5923e8a.sol,0.5.0,LockupStorage
0x441e2c4eb49c00f835b9d2de1aa59f27b69f949f.sol,0.5.10,BytecoinBlack_ERC20
0x66531cb9ad8edaa4515782b4b7dab5c7f6867ad4.sol,0.5.0,SimpleToken
0x8dc6ed015579167d181e86ae9c324943c7360d7f.sol,0.4.26,XanPool
0x64a3e8ce76904818559ce0ad2bc227e3d83d19e8.sol,0.4.24,pas
0x89ddcbc074ab765737322948f269edf0b20d13d2.sol,0.5.12,ExchangerToken
0x97559da69198ef6b6ab7852699df3ba1bb004146.sol,0.5.0,DOSPayment
0x7e9f9f3b323582584526d9f83276338c89f8fbe7.sol,0.5.0,KTYtoken
0x501a9842a994ec2234e54321743d9d7c3ffc708d.sol,0.5.16,TetherMoney
0xab4a12ae82497159f90af30a4c2b1143700c7125.sol,0.4.24,ZhengHeToKEN
0xab0cae983e07c0614a06d08b43e00814365cceea.sol,0.5.0,SSITToken
0x449c5c00ba3d28c9bed71c9022a1c227105f46ea.sol,0.4.26,EBitcoin
0x023cf1D6b14846c9C12Eb60e91d61855a31F9835.sol,0.4.24,HolonToken
0x5d8c0f983bb1814c2b081d9f2109c73d5c5291fc.sol,0.4.18,OceanDex
0x64f64a26873ffbd11188679fb85fe00b6a2dde27.sol,0.4.24,LtconlineToken
0x2d08ade361b43f89e4da90f589cb80555c3191b4.sol,0.5.11,CMT
0x6443589eee45dabdcf7c5ceb5e4375b6d786357d.sol,0.4.23,MainToken
0x43533cc6ac1286be6b9bca90114758b25d28f8a1.sol,0.5.16,PolkaCOINFinace
0xb2840dfc364fbe44ce5022168521f9745285e5a3.sol,0.4.24,AYC
0x56cd932860d35386f5619cbc59b51375b1d8c078.sol,0.4.24,InvestecToken
0xa17ebd0b1496091221799dec42ff12ecf7bfb248.sol,0.5.16,StableAMM
0x928ba5fca6929bc2479a4ba19150b7693743296d.sol,0.4.24,IVEToken
0x79681fdfeade515d671b4ab8ebcf4671784c29be.sol,0.5.0,PdraToken
0x61607359ea46ebfbd6062ea52d06ea3b8f8be768.sol,0.4.25,ReiToken
0x7bA9c52453d2520E1484F99AE5B2e800cD781aa5.sol,0.5.0,PropertyGroup
0x50eca9e5ed4865d25398c7f9516b04792e10d2cd.sol,0.4.24,Cykril
0x612172d91d5935d1cec07249ed92109816815986.sol,0.5.0,Fleek
0x1ca9e79fe11375796fbe56057a58c8d1429246ef.sol,0.4.24,ChelleCoin
0x2b7a7afe445a8b83310c424f28c1d0c96a94f7f6.sol,0.5.0,Rhea
0x3310f5acb5df71da3b15a27230122bfbf3f7b9a0.sol,0.5.0,PatexShares
0x9876b4f94e6035304bf792375c53136be158c3d8.sol,0.4.26,BancorConverterRegistry
0x5938c6e652de27089297517c9344bc66e9d7a85b.sol,0.4.16,TokenERC20
0x5ef7634582ad5d5b86eab4c719ea8e58d1a3789a.sol,0.5.0,ETE
0x73fce158aa84d2584096d23d4eb5721c5b08781d.sol,0.5.16,PolkaCoin
0xa612f9e9ba5e3b57b0d64de4bdfccd36e08f3e6a.sol,0.5.16,StableAMM
0x850071a17ca0ad917f6b018066193dda23419748.sol,0.4.19,ERC20Token
0x2c737fe5d28679a3aa2999176406c7581a974f1c.sol,0.5.0,TokenMintERC20MintableToken
0x372986fb6d0cb7551c81ea7b57824b93ebcc9319.sol,0.4.23,MainToken
0xb5c8aaf9a988aebb00d1386b496e2d94be9e3f15.sol,0.5.0,KEMFECREDIT
0xab6a6fc2e029e58502311d5537a27dd32fa5124b.sol,0.5.10,ZTokens_ERC20
0x624ab8fae7e0b314a7ebcf7b012e919cc5f746b7.sol,0.6.10,iCollateralVaultProxy
0xa3062fcbcde2540a9f24b04c76220a5a0db851e4.sol,0.5.0,PaymentMaster
0x28d3e409bb9bc58f1ca6e009f8fc78a1db85e6b7.sol,0.4.12,Token
0x829ed6d9e4afa8b42d8bcb5f16650bd42348f1e6.sol,0.4.18,Gohellogo
0x1d2662efae81adf192a9f8cd5286bed3d3987bbf.sol,0.4.24,HOST
0xa770bd94b3e3fca33a69e6897a35e158ef4939cf.sol,0.4.24,NKCLM
0x6384e3cbdf165250b191cac2fd8ffe3b718d34f4.sol,0.4.24,ExorionToken
0x3309c3c1a468125639b2cb5bba264053309ad1d3.sol,0.6.6,AccessControlledAggregator
0x702839ce56fdb7a82cb17e6e4a1f354db3e4060f.sol,0.4.24,Blakecoin
0xad1cd0a72676dbb08848f5d4119a5f4b2e91e82e.sol,0.4.24,DFWToken
0x19861be55c2542cbe76b90b665f21883d39f08e7.sol,0.5.0,DeepFeedToken
0x85c0688cd6a998bf7a650e1407fd3606c6ef360e.sol,0.4.18,Token
0x6533a80a69ce77e66b64a4adf9f03554e09e8e90.sol,0.4.24,QOINONE
0x5519615bd6e410e6735f7056bfeede1ed4fe2c3c.sol,0.4.24,CURVE
0x1d63bbcde3d7c7d54759dc2d4b2a6c25713932bb.sol,0.4.24,BTC3S
0x5276761e4c476f63d5d61f030c3ae53c55fd97cf.sol,0.4.18,DCEP
0x22a39c2dd54b71ac884657bb3e37308abe2d02e1.sol,0.4.24,FiatTokenV1
0xb5b5bb90bdcaa8aa80bc5c5206fd46f6edc46408.sol,0.5.0,PdraToken
0x23275328ac2ac8e8ddad46f487de71d23129a5c0.sol,0.5.1,EthGame
0x533c1de05c9fd2a375ff8416584bdb21c92031e5.sol,0.5.0,DipperNetworkToken
0xb351da6ffebd5dddd1da037929fcf334d6b4a8d5.sol,0.4.11,FlitToken
0x5d382e896e5eac5adc123f29e3152472f3e5794e.sol,0.5.16,TokenSoftToken
0xaa58f29dc4228309fe1e2b17b9cfab51b7fc39b2.sol,0.4.24,WQB
0xb23fdaf5e46ec3974d5b16f1b4ccf986d6bd8d7e.sol,0.5.12,DaiJoin
0x982082453bdcf680004125884c89e2ae8483faa1.sol,0.4.24,CloudCatToken
0x9d8169c8f1e3d1487b13dd0cba19fc4b67e3af8e.sol,0.4.20,ERC20Token
0x23935765cdf2f7548f86042ff053d16a22c4e240.sol,0.4.18,Tradez
0x9e1999c02be8fd591b241ca9bc1a6e70e98ad734.sol,0.5.14,cTokenKyberBridge
0x0eF3b2024ae079e6dBC2b37435cE30d2731F0101.sol,0.4.23,MainToken
0x47380216253dc9d50fa9de32948c2d3aae00de2a.sol,0.4.23,SegestaToken
0xa5d34a3ed742f103411409c802baa3a054a89f75.sol,0.6.7,ERCToken
0xad839849a8f366fb6d3d5d028a074ef80f3bb902.sol,0.4.24,EthereumLightning
0x4fd6b3f680dfa951e9a6705fe7c8c8b902b26e5b.sol,0.5.0,Staking
0x565aC8639E53a4bFf4aFb34AC63A49D7bf01500E.sol,0.4.24,XPAYPro
0xac34c76abc6ca0e9b04d46b7e24137d70c65ea87.sol,0.5.0,NRN
0x64ea2c6104f1cf3035e28be0f781b6286d50934d.sol,0.4.24,Satoshivisioncoin
0x37c888dabf0c1bebbe917e890b054ae7739fc8c4.sol,0.5.0,BDCoin
0xb5a4afeb172af3d6a5401b3a345751dd5c96c1ca.sol,0.5.8,Token
0x89cebeb968bc84e5767c3963c74d6a455d88d086.sol,0.4.24,BiCoin
0xaa79b0c8455ca04c3733de0ce412f4cab5d3ac0a.sol,0.4.25,UDEFI
0xb2a6518c6cb1690671ec6a25d558815d59bac4cb.sol,0.5.8,burntest
0x60ec679cf3a48d89efa774fccd3dc59ef1401330.sol,0.5.10,NXTG_ERC20
0xaf21f6509d0e0318254d9e766a4f8c00fbdcdad8.sol,0.4.18,GOTOURCOIN
0x823b56c714449e25bf68ec66fd30925cf7588e52.sol,0.5.16,ShareholderVomer
0x8084db66552b505cbf18359cb4ead0fb059c65d8.sol,0.4.26,ZJYB
0x404fa8f91433b11f83b0CBFa48CD160F73926C69.sol,0.4.23,MainToken
0x9a3c38b160c10a168ae9a12421ab4b8013b8330a.sol,0.5.0,MyERC20
0x30be687dad42a65bfdceb3b3ae906168869d8ecd.sol,0.4.20,ERC20Token
0x7a6201a60d015e9d39530ddbaf0a6e8df67773f0.sol,0.4.24,WrapperLock
0x209C1808FeBf6c1aB7C65764bb61AD67d3923fcc.sol,0.4.24,MainToken
0xb4990ff24feafbded6987d802e9c6097cd5ae09c.sol,0.4.24,GOKUMARKET
0xa179038ae1534e4492164ba38ac809e29770ca5f.sol,0.5.16,P1LiquidatorProxy
0x9b31c03f0489313320676d76e21340319da37ebf.sol,0.4.24,AI
0xb275d316ed2f57f36ed02386bc38a5d85822f787.sol,0.4.18,famcoinToken
0xa103f0fd3cfdf7dd6c4f98f615796f007112af3c.sol,0.5.0,POEAToken
0x494f240998de04c87a979303be8bb4152b477e31.sol,0.4.24,SAPToken
0xac88291b18b1232fe12c7c3add6dcacf7b3d2e85.sol,0.4.26,CTC
0x639cff3936ba73fced75f9ace328b7e72d85d933.sol,0.5.10,ETH
0x586f381885e91898663c96946b1030c503130aa1.sol,0.4.24,HTECHToken
0x7838C886C7F4431848CC0e8e07e7C59fACB154dF.sol,0.5.16,BRRYFI
0xac9749c854b31bba3b3e71b30fdd7aea4fcc0db9.sol,0.4.18,FightBackCoin
0xa2f611e84174ec3f8d19909c0a62fa44145aa0bc.sol,0.4.24,WQB
0xa93cba277729786084649f74eca1230f746522f2.sol,0.4.24,ForeignBridgeNativeToErc
0x2f82d5e4370d526187c15e0703d64d903517571a.sol,0.4.25,TokenERC20
0xac163F20362A320633433D13eC8949Cc01a88108.sol,0.6.6,AccessControlledAggregator
0x87b7282b91d58997490a4adf1dfdf0c195a4978d.sol,0.5.0,iDAI
0xac1fd75fef38c854cf86611bc66e102981c264a1.sol,0.5.0,CompoundSubscriptions
0x5ab55ec290beacae98f54c3eb70860460b167c3c.sol,0.4.24,RM
0xaBa2BC503c275142dd89dAb076fe65b67b3a4fEe.sol,0.4.24,ECC
0x5DDC23dEE470AEc28D51721b4E3A25f9399166EC.sol,0.5.16,P1InverseFundingOracle
0x611bafa32c484143d4d07a16975006f917bd360a.sol,0.5.16,PolkaDOT
0xa50700ad3518762ed4dd0ed413e979e4660201f6.sol,0.5.0,Staking
0x85b31f87f9f144f067991990aaff1dab12eade32.sol,0.5.16,EthStation
0x8dfeb86c7c962577ded19ab2050ac78654fea9f7.sol,0.4.26,BancorNetwork
0x47bef29a73f5af37ed666f9bda9aae1c554fc163.sol,0.4.24,PLAT
0x1116f76d5717003ba2cf2bf80a8789bf8fd1b1b6.sol,0.4.24,Aggregator
0x899f4ee077f83a7747e4ccec8ee7aa74831a1de3.sol,0.5.0,USMT
0x218f089e7f8d72150f42c2c4a989817a966a2cb2.sol,0.4.24,BITCOINAISLE
0x2600004fd1585f7270756ddc88ad9cfa10dd0428.sol,0.5.12,GemJoin5
0x607B80a3498F01f87b889486f4E7f82C98CF0584.sol,0.5.8,NESTAbonus
0xad6a8e94f5e603b3dbbfac0a24e597a92e23666b.sol,0.4.26,FairDice
0xb23eb1dd35e79e368a23dc01fbb70d94b54a3279.sol,0.5.16,Asuka
0xac8491258d2d93228e8b49aac2e332a96f04e56c.sol,0.5.10,_0x
0x2d852d2efef7a8d9200a50d66e5a20b67d5d7cd5.sol,0.4.24,Xbit
0xa326fe096ca88bfde1aa59b5dd15677337aa23c3.sol,0.4.25,HTX_ERC20
0x97f1d18efe472fedd30be23f0703a4412ea85a80.sol,0.4.18,FCAToken
0xb3007c1961497aa112d731157f8fc227d834ddb5.sol,0.5.0,Lockup
0x23136aB3Dd4701D1Fd167503ac8d96ef360f7b5D.sol,0.4.18,Jewelcoin
0x372e082bc6b0575ee1411624ff18ae0df2c24a13.sol,0.4.26,JDQJ
0x3b3bf16028e40bd3a7af66ef04e41e3bf6f51e55.sol,0.4.26,ConverterRegistry
0x7312c1ad835AF2FB030aa48137589d64415c582b.sol,0.4.24,dSherwood
0x95d097f455dedd41c4860aba573b3f3018ef2d6e.sol,0.4.25,P2T_ERC20
0x541d676940Fd68f2755c1585ec06a6f4857cf193.sol,0.4.24,BitcoinSmooth
0x0f2E4a70D3a0392F59E5fe4Fd778ef1155E7702F.sol,0.4.24,EcnToken
0x91f79d4a59ce6e410fefb059a6d5679aa55403db.sol,0.5.16,GYFI
0x45088E0838D1d55491ebEa1b2648f6f5F378aaF1.sol,0.4.25,TRUSTGRID
0x98660b2a4201ba6cbb47199c6d90e42a466d888b.sol,0.4.16,DublerToken
0x2bf1260a0319f42237c99b5a9e53f51043de7484.sol,0.4.26,TOYOTA
0x1b980e05943de3db3a459c72325338d327b6f5a9.sol,0.4.26,MainToken
0xB8228E83f1b451C27615e6FB60aaF1e94b5eFC5e.sol,0.4.17,LRToken
0x90b7251cee496202a85A97703A32Db03d1304724.sol,0.4.23,MainToken
0x59a87bAF7A52a6610E66d4974722C54210AB404a.sol,0.5.1,UVO
0xa2b8900b4369ff714dc7d5800396ac5d8346dc79.sol,0.4.18,Token
0x6e4d93efc2beac20992197278ad41f8d10b3efaa.sol,0.5.0,ERC20Token
0xa4ca8d3ebf889cffc6b9d360b9c2cd3e0493b5a6.sol,0.5.2,HBTCToken
0x4967fe74b03873c163281732a05aa4058fe11803.sol,0.4.24,NKCLM
0x30C79dfb17dD06FAeB3b1aFe89b36d29dfE05D95.sol,0.4.17,BTYXToken
0x631d66f79191c86d7b7a7c0e2afae3ae943931a4.sol,0.5.0,ycUSDT
0x52aaaeb557e434e9eee18b34104c8d8969995ae5.sol,0.4.17,GapToken
0x7ef6c9c7c022e3e481958c258c3e2432e45d9d2c.sol,0.4.24,SCN
0x85eBa557C06c348395fD49e35d860F58a4F7c95a.sol,0.5.13,H3X
0x4bfca64260215db06d76db3c7fcda68cfe82545d.sol,0.4.18,SeventyNinth
0xA2569613B3e79122ec5F413caA3412d1FC3d134e.sol,0.6.6,EACAggregatorProxy
0x88998329c7fc71e52a375b9a85614bbea9c7a33b.sol,0.5.0,Staking
0x43373c89cd9a0850da64c94a0995f2214271dd3f.sol,0.5.10,_BlockProtocolToken
0x764a5b7399d552a029d6c8e4a2a71bb5e9c82bd6.sol,0.5.10,_WrappedUSDT
0x38e4adb44ef08f22f5b5b76a8f0c2d0dcbe7dca1.sol,0.5.16,Cvp
0x244bd00b4b1623fc59ab542ff34f5b6fcbe7b128.sol,0.4.21,CmmeToken
0x201721e7828acf589fc4064c414fd2e730369517.sol,0.5.0,Staking
0x7f0C14F2F72ca782Eea2835B9f63d3833B6669Ab.sol,0.4.24,UFragmentsPolicy
0x42defc096a872a6cd9c50c6757422fcfc8ed4882.sol,0.4.24,UFragments
0x71e4b8de109428f999391eb3424d2cc87192e8ba.sol,0.5.10,_0x
0x6ab9dca785e4a8fe7f716302dfbc0fc3129407f8.sol,0.4.20,ERC20Token
0x9f14689cdf522849816d5fc960645bc747f64468.sol,0.5.10,RampInstantTokenPool
0x9f54a5ec929dec40e600f76252e68595fe91ed20.sol,0.4.25,Simplify
0x93af40ba3cd1d3b6e7132cff1f7e691feace1bc6.sol,0.5.0,IsoToken
0x6b8619880430a76a8ad02d6162ccafafeb57bcba.sol,0.5.11,LIFE
0xb69b5d25d3bd86cb784eff51444c9ee61e6b1427.sol,0.5.1,GBPOUNDSTABLECOIN
0x1B118c419Ab9bEED0d211c9d63F740f6d2628B04.sol,0.4.20,ERC20Token
0x46f4e420c75401494a39b70653f4bbb88ad2d728.sol,0.5.0,DeflationToken
0x9c186a6c1566372270beb87b78feb0a179a80a1f.sol,0.4.24,MECToken
0x78886f538c0FAd33D777a325Ff2F9E54e4B70c67.sol,0.5.10,DETH
0xB6d64221451edBAc7736d4C3dA7fc827457dEc03.sol,0.5.4,BaseWallet
0xb63bef397191b5677a2987b26a70fb3c76630e16.sol,0.4.17,MBCToken
0x9cb31da7bd0cc9303a42b1ebafe0d361670b4e6c.sol,0.4.23,MainToken
0x94212d47350837a4f2108e9a3190b8759a929a80.sol,0.4.24,DEWToken
0x19c5a48eba1f50d63054144c62ff11665c91e805.sol,0.4.21,ZXLToken
0xa8d23C6A13Bd878Cf5e1492c9D05294546Ea64Fa.sol,0.4.23,MainToken
0x05b8cb3F1f1F46cEAE3187c56AF5B223CF2D831A.sol,0.4.20,BATMToken
0x44e2c5e4cc827116ccc9c2d858b18b8dc3e035f3.sol,0.5.0,SimpleToken
0x4c6636787df21298b39d166dbf699fa0a81309e8.sol,0.5.0,TokenContract
0x882fb3461dabc1f7606203e27d11a7fa378c5f02.sol,0.4.18,FixedSupplyToken
0x23d67f977bfb4038f6cd0f460ab5913218e34c21.sol,0.5.8,Goodluck
0x79a7503ae4d7197838e68ba2cc79d4d86b6e20f2.sol,0.5.0,Svichcoin
0x1fea4913e49be245225461effc5284e86675852d.sol,0.4.24,BITCOINSUSTAIN
0x9d522b16031bb2b009c504ec9eff203c8d890eef.sol,0.5.9,EtherWin
0x1c08714404a9b450cfdf5e5f11e38bfea2c5ab19.sol,0.6.0,antiYam
0x9858bc1e986185149da3263404ef4946f97ac2b1.sol,0.4.18,FAUTOKEN
0x56aec32fe581550a579725cbb8668bc082846814.sol,0.4.24,FJTX1000X01
0x6990d4ddc6d7926cd40205597fbd2b849b498c69.sol,0.4.18,THECOIN
0x259aabd425d6671195318fbaafc35b7a73b8a618.sol,0.4.17,Usdt2Token
0x606c4b62cc8f864de1664129ac7bc17c04b4e95f.sol,0.5.0,ERC20Token
0x39a9e9583405d1ec12e3f018a2fcf89a4e2628b7.sol,0.5.16,AIY
0x4b8089530256ed39b3a3145f72928389d7c8ae92.sol,0.5.16,StableAMM
0x39299c0849D3D8aF13F2436605f886468Fc71827.sol,0.4.23,MainToken
0x5c20b52556f51bb7bcd5caf521fb90d9b70204d1.sol,0.4.24,BiCoin
0x7B8863BcD2c68A01F7A43EB8631Ff9fAD127d510.sol,0.5.1,UVO
0x70bb80b39a361aba7695420157792d59791ce24d.sol,0.4.20,ERC20Token
0x56c7bb2ef6357be01c5dbd8a29a4365aed559596.sol,0.4.24,EthereumGasChain
0x6e3ff866605b5565736b0e00c724d40dc29f8bf9.sol,0.5.0,SocialContactVideoChainToken
0x1e79691646dd50c92efc4db591b0ba05c7e264c5.sol,0.4.17,HYDRAToken
0x8073679f7eec97478695fae06d5522b0caa3127c.sol,0.5.1,HKDOLLARSTABLECOIN
0xb6F545E90a4c45891E9cb8f8834e9EE0c0A98a22.sol,0.4.23,MainToken
0x8B90515C7a99b7Edd97702c04d1E3666281De1B0.sol,0.5.16,P1FundingOracle
0x07F56574eE85a0CCB64D29dc1ddff2cA32778dbe.sol,0.5.12,RecipientWhitelistPoolToken
0x6056d0d895fc2b4bd48616e613447d79ebc443e2.sol,0.5.0,HUC
0x804E26C4EFf0BB196b805bDFb5B29AB828cF0B1f.sol,0.4.24,WhaleCoin
0x8d94296e7e171a98b199eca7f511311dde6a8db6.sol,0.4.16,ERC20SQX
0x588becd76a706f712492c8ee34471baa9259f453.sol,0.4.24,ETHBEAR
0x7044e58623078074031507dbf6ba48381f3ae197.sol,0.4.24,ZeintCrypto
0x2c53d82384c6fc9bd6e4e16ecaa5d85861ac5ce6.sol,0.4.24,WCT
0x80bf9169f4c7bc84344fbc75b026dd57252d9a0c.sol,0.4.26,USDNTToken
0x6900748cffd70ef44aa4909fccef1bdcc8eedf21.sol,0.5.0,GONX
0x1b76d0364e803fb94c1d5ca9faf55f05ee494731.sol,0.6.0,UCN
0x4c880deb2e600eb26e8ab49803fe43e2a93198a6.sol,0.4.23,MainToken
0x62766d95c2b7fd47745cebe4ac74dfe84a37f926.sol,0.4.24,BeeCoin
0xa5030a5C206Cb7623429B7BC8a74c63a3C0C4f07.sol,0.5.0,DCTToken
0x8738391c5a2b79e067b5f9ea6cf97b3243543df1.sol,0.4.25,OracleRateApprover
0x0c5739865ba70b1d2722720e3bdfdd36632cac8a.sol,0.4.18,BCXCOIN
0x05b884c671c0bf558b7cc4dcd451c389db5ea4f4.sol,0.4.18,Token
0x184DBc267F7956E5445cc9Eda49f769A10C5e365.sol,0.4.16,MyAdvancedToken
0x072B5669721559546bF484E4eC76087704B0d4A4.sol,0.5.13,UMC
0x24d6193066d21d36938dc336322c64034af202d9.sol,0.4.18,PToken
0x2c55f6284caee41d3bcc33305cc54d5e0bfb0bad.sol,0.5.4,Tip
0x4357f5857357541272d331A32e753BA5C2bffc4B.sol,0.5.8,Token
0x72fb7da8037f165ebae91cab7e30ac7cd8d90c2f.sol,0.5.7,Geth
0x7a863753522d67b58ce7221112ad00c7f59fb4c6.sol,0.4.24,FucksToken
0x5175101d17fad6921020921f0916323b953722bf.sol,0.4.24,Phoenix
0x59f312d142d985b21f438477b24c38aff27cd915.sol,0.5.12,ExchangerToken
0x50845ca92828c65c13d4ffe128cbd4beecf81bfc.sol,0.4.26,TokenERC20
0x95d5d6ebAa2E96d643Bd1dfd4FaEa700B7f6753c.sol,0.4.24,FJTX1000X02
0x777ad2358ba4a61dd74a1010116a7bc1ffaa81dc.sol,0.4.17,SDCPToken
0xa0ea06d873fe49eab4806a8659f281de28c6f6b7.sol,0.5.0,MAN
0x8fd9dca979c31e0ba033b4ec0ebed5c671682226.sol,0.4.24,Fifth_Generation_Digital_Currency
0x38a15c192acd28647b3bbf09cb298914dd2d102b.sol,0.4.18,WrapConversionRate
0x208bbb6bcea22ef2011789331405347394ebaa51.sol,0.4.24,AI
0x848bcb77c97d449312ece071cd999e5f0d30f849.sol,0.4.19,TokenMCT
0x8efe48F53265d080E191faf549f16f1ce88EAcc2.sol,0.4.24,GethCoin
0xb24745c021657211ed9b24a43136e4125d7d3ade.sol,0.4.24,UpbitHackerToken
0x2f8a2c9328cb0955ee363c4a7ea65974e1f55b03.sol,0.5.10,Tribezcoin
0x7540bc4c7eab8507ab67c5c070e88e560793e746.sol,0.5.4,WalletFactory
0x8a5ad873a1a615001acc1757214f67e1ba145cc9.sol,0.4.18,HEARTBEAT
0x7bc023a65f665813d05203dca0f1d99b75b60d43.sol,0.4.24,T2Software
0x26c20010c13e0ee649dff00985cba47f017642e9.sol,0.4.24,VDTToken
0x99c4569f5806e0e6732e28d7e1e9403b9d24f67c.sol,0.5.0,AirToken
0x5a95527ed7616d35fb2a113cd68832f4edefa2df.sol,0.4.24,AllWensCoin
0x5cef8c37ab75fc56cd50e17692f39ac7bc189075.sol,0.4.16,ERC20Token
0x209ecd0957597c207862d94a311130672aa95a0c.sol,0.4.24,pars
0x8e669833c68d337043dcad63fd67b27571e3e741.sol,0.4.26,SPTToken
0xb3889cc313334de5431325c17c76aad71054d3ac.sol,0.5.0,Staking
0x4f2ab07be7ab76421d8065db36c4d042227654cb.sol,0.4.17,NICToken
0x61a1c1bb52137c49677c4d9b3124d11887076d68.sol,0.5.0,LOTTO9
0x30829169cec991894546ed4887bfd9bfd3e69429.sol,0.4.24,SMT
0x63a4936b8b471435d7af0646ed1429140e59acc2.sol,0.4.24,NKCL
0x33e1b26d699d923e4cdba286cc5783d3c04831c3.sol,0.5.10,ART
0x0ebf6382f828255a565bf2c61938fa49cb3b922e.sol,0.5.16,Ribera
0x88b02acdea36255166fee91d5e6c98b8fc4c9983.sol,0.5.0,Lockup
0x9efcea67d20378039202e3b3615c1408ca6da4cb.sol,0.4.25,MIXINetwork
0x09aE3312CAaA337c74E117F71A5D2a09eC77Ad79.sol,0.4.20,ERC20Token
0xa81b07da1a6d60a53de91bebfac2b9367840b8fd.sol,0.4.18,EMJAC
0x76a034e76aa835363056dd418611e4f81870f16e.sol,0.5.0,vETH
0x36d06ccc92cefd9ec38fe759d957da0b0ecc249f.sol,0.5.10,_0xEthereumToken
0x4C63a12717ad0B87984eCbB3C97fff0E8edB7b66.sol,0.4.18,SetStepFunctionWrapper
0x6afde9e8732eb8fe6376ae98347e64e2895299d4.sol,0.6.0,Based
0xa08e0bbe4f85e7368abe90a336e9c1aea426fd00.sol,0.5.10,ZTokens_ERC20
0x9506EAf79Bb629C06fFfEA8f430F1fa2d49B3bA3.sol,0.4.23,MainToken
0x5d0360c3940f2f2b54ebc381e3c04ab207191335.sol,0.5.0,yTokenProxy
0xb49921b1c1f30647fe4ca2206aacd4c23e5ae2fb.sol,0.4.19,TokenCRC
0xace621e2510f4026913310b6ec604095992dd8bd.sol,0.6.0,AntiampleClassic
0x5c250ff9b993c6991cc4a3cc543716e53b478018.sol,0.4.24,STPAY
0x2bfbeF3Cc284040430Baf13af435a1A090BE8FeA.sol,0.4.20,ERC20Token
0x2a469a22101f1f672b745d729d13ab8dbd203c9b.sol,0.4.24,COINSTO
0x884ddbb5dc6c2cef77d3e74c6ccca315797d655b.sol,0.4.23,MainToken
0xa607c31273b65d9397539ca5e082bd68f7a2e828.sol,0.5.8,PostCoronaProject
0x7e2a98bf45687d8def095e93abcab42ea454542f.sol,0.5.16,YamMigrationToV3
0x0e605600f9b4b6762498c941fee0b32976cb5e9b.sol,0.5.1,EUROSTABLECOIN
0xA8e44bB386766f597a22fCdC14d82a9C700dfb70.sol,0.6.1,hashelot_dayrings
0xb16b48aa291824c78cdd7dd9d33ce72d742154f8.sol,0.4.24,ZIMTOKEN
0xa5a4984d97d3891b3d6bc59896c52811c865d3dc.sol,0.4.16,ERC20Token
0xad56d069b0c3e361ebcdd6f5511cfbba8fae80a1.sol,0.4.26,TokenERC20
0x1a77f3c831af5c109f7269e4de735efd2c915aa6.sol,0.4.24,beetMaxToken
0x91b08f4a7c1251dfccf5440f8894f8daa10c8de5.sol,0.5.2,BAXagentCoin
0x9a0c3D58Fe31d4e3962b343aED4802a66Df13863.sol,0.4.24,KRW
0x2b878f8d2a3f953ec3c9da554c8a8480fe4f8f30.sol,0.4.26,TokenERC20
0x7240ac91f01233baaf8b064248e80feaa5912ba3.sol,0.6.12,OctoToken
0xad0cd12638aeb1f7f620f61ab8b6d793df706074.sol,0.4.24,BCCToken
0xada6193d19ddadba8318443757f0d922d3b25178.sol,0.4.26,TokenERC20
0x11ef34572ccab4c85f0baf03c36a14e0a9c8c7ea.sol,0.4.24,Aggregator
0x5ece741a28a0788c609ae0f2521f151803356f36.sol,0.5.0,WPX
0x846741e80f5c19630c8052d2e688f082601d6711.sol,0.4.24,KapDragon
0x786a105d6b23592a4a16c19e8785c5689db7c926.sol,0.4.16,TokenERC20
0x345972d4feb4beae93999c8a4573f8dff4d95da9.sol,0.4.24,MainToken
0x21d0a2c2d89af0b2a3c8977a0db32dc014786377.sol,0.5.0,StableAMM
0xaddc4986e9cdd158c3bf27d3612b288af3345ade.sol,0.5.12,CheezyExchange
0x4F17f5b80C6635Bf971678f5CDB2404F54EaF155.sol,0.4.23,CHEJPY
0xa0d66158f2de2c4e5c929ce9feec64d4f6f5a7cf.sol,0.4.26,HiSwap
0xa87b716932df803b8e403bb1fa44c0e781752f38.sol,0.6.0,InterWork
0x23f62df9756786f993eb7a49af1afbba73c23d84.sol,0.5.16,YFID
0x3dbb9fa54efc244e1823b5782be8a08cc143ea5e.sol,0.4.24,Aggregator
0xa5a2892d3fbb46d461d990469d5b797a1e6655cc.sol,0.4.16,ERC20Bich
0x9ebe8f55d4b727afa29d887b80010f3d0054d207.sol,0.5.0,Qontender
0xa1c449ae115ac8e5148b49a761eb9827e8126347.sol,0.4.24,SUCRE
0x7a222dA5383bD38e3cBA987a19F03d576b4cb21f.sol,0.5.15,ERC20Token
0x48783486ddD7fa85ECa6B0C4AE8920Bc25DfbcD7.sol,0.4.24,GoMoney2
0x467223c2ddb9c08cc4c8fdb83d9a89837aeba70b.sol,0.5.0,StandardToken
0x0213415ca0be50a440fb88be470753549b2980af.sol,0.4.26,NEWTON
0x4cca21e62645b6060186f61350060405d40ce86b.sol,0.4.24,Queso
0x78A52E12c7b63d05c12F9608307587CF654EC3d0.sol,0.4.23,MainToken
0xb119ce94d098c18fe380904c24e358bd887f00be.sol,0.5.0,MACH
0x2b0809033d82d5d752b71305df631fb45da76934.sol,0.4.24,BRSToken
0xa13d570cea90d9ae0aae2c2bba975645bc82ae85.sol,0.4.18,RIZIN
0x39815A737f458A26520F2eb696f955Aa7185A12A.sol,0.4.18,AmpleCoin
0x4c84e5b48cbacad5dbfa28eebb75637b3707dee8.sol,0.4.19,COIN
0x9043d4d51c9d2e31e3f169de4551e416970c27ef.sol,0.5.2,DSToken
0x9ec022f82c5004a2fd71ce354ea2e57baf6b81ab.sol,0.5.10,_TippProtocolToken
0x36a22096cfb062c23dd35dc5512244dba4139a44.sol,0.5.0,TokenMintERC20Token
0x28cb7e841ee97947a86b06fa4090c8451f64c0be.sol,0.5.16,YFLink
0x90f98a4e55b2b07e46976e50885e1286b13aae8f.sol,0.4.24,MedianOracle
0x9d15446CE244F83910EA2426601D14412f40A966.sol,0.5.0,HKMT
0x081f5489a66d3c75d615040fddd64d9ba1e74e76.sol,0.4.24,Natretix
0x73d69485462862b1d4F0674611D5d6A43DD424e4.sol,0.5.0,Revolution
0x1A9D70BC996e3a6d6f59369c347F6F0e6C178581.sol,0.4.24,TORGNT
0x9868748858b9045d6579a4d5277cfe448e0d3aa8.sol,0.5.0,HagiCoin
0x4d6c7bd06515e66adf7214ddca8ede4fc1c3c6f5.sol,0.5.10,Collateral
0x585548ae6542cd48934cabf411b186930b0cf4d1.sol,0.5.11,NALE
0x35b275521c0564f99f94a0598c0dc220bdc6415c.sol,0.5.0,TokenMintERC20Token
0x0aaed3c6da9373b5075f39b66bfd1e564b31a6a7.sol,0.4.17,TetherToken
0x958d960a34d4b49733dbf115388d6222097cfdd9.sol,0.4.24,SDN
0x49d743dc7f0aafda02a736ecdcce174e9cae6261.sol,0.4.25,LightningNetwork
0x08411AfEb66c909F57d84FdcC5dD6DF5AB7062BC.sol,0.4.24,BTCFeed
0x3cad5c69b31862cc9b1d28cbb36051bc2e051aaa.sol,0.4.24,ATOCOIN
0xb0c27009a8f54c2f283cc23ffd007f0b5b7567f6.sol,0.4.16,ERC20Token
0x0545ccf9b65f97953168f2c08cf47646b6f80ac5.sol,0.4.26,AUD
0x57917da61304f309694993c18bbc0f15e5507a6a.sol,0.4.26,MultiPlanetValue
0x51bb7917efcad03ec8b1d37251a06cd56b0c4a72.sol,0.4.11,DSRCoin
0xa64640013f864dec2b2b2814dfc80b99c5d53504.sol,0.4.24,CryptloUltra
0x82cB92281a7297EE79dcE738022FB0c112E9C42b.sol,0.4.24,YapCoin
0x6463099be4eadeefbc896b7f4b4cab5301ffdb97.sol,0.4.19,XFINToken
0xadafec29c5abcbff3adf40f093ee4c4c57013f66.sol,0.4.16,TokenERC20
0x72a9432aba000f23f75fcf66592ce3d10c4b7cd4.sol,0.5.10,RETH
0x16444cD77015f5890D269E1249920eC6d307c69B.sol,0.4.24,MainToken
0xa657c9247701b2befcb590614b2c2d66b7460323.sol,0.4.16,EightCoin
0x35ed7969327334d8eef6ac16a61af2769b02f8eb.sol,0.4.18,ConversionRateEnhancedSteps
0x98bfe90ccd9d627f882e40bab73b9a9f923639a4.sol,0.4.24,HCMT
0x775600d48f6b2dcad1c9535c1361aa296ff5a8be.sol,0.4.18,Insu
0xab5d44cb18b863592ab444ce2da1f054bb6b0d4e.sol,0.4.24,GoalTimeToken
0xb2e6e3d9af235434385c28bd31d98041a48226a6.sol,0.5.12,RecipientWhitelistPoolToken
0x691087bab2358377648d8c387089f023ac4bf85a.sol,0.6.10,SGToken
0x81ad9e3cae1cb76c564a1a95890aac6f94025cb5.sol,0.4.20,BebPos
0x6b3f1d1cda421699575c0466f9ff8bd7307b7c84.sol,0.4.23,UNIBLOX
0x37497dc0cc918c5a2509516eb723fe0e6284507f.sol,0.5.0,Staking
0x160A15bfD79F092360d07200bD2dD67Ff1e3ab55.sol,0.4.23,MainToken
0x8302fe9f0c509a996573d3cc5b0d5d51e4fdd5ec.sol,0.5.0,StakingRewards
0x21fc063a8dF3882B2c277c6F98e7574aC5330f7f.sol,0.4.23,MainToken
0x5a504cb589e003610c57c2df4fae627d580ad9dc.sol,0.4.24,Resta
0x677a17406738e44BB58a8A04D6e18249deaAf355.sol,0.5.10,Collateral
0x3d319ff69853a3359ca56ff2b2e7ed88bd871b37.sol,0.4.24,SAPToken
0x5f8e07652f6c8e8cf70037117f0221c3e47e72e0.sol,0.5.0,StableAMM
0x09af99b655e39b0469782af86502694a1fbcf2be.sol,0.4.24,OxHKDToken
0xa8892bfc33fa44053a9e402b1839966f4fec74a4.sol,0.6.7,ERCToken
0x97d2bc16293a32cd73d5709eb53be8d5cc19f359.sol,0.5.7,PHC
0x5712a71287b8096Aad806059b0F0e5e31Fb575D1.sol,0.6.1,ThaiBahtDigitalToken
0x4eaF6dc24529C8147350ca6ca1097CDe5F9Ea663.sol,0.4.19,TokenERC20
0x1e1b3e5821099977e3b3fa7489a90bcfdea490d0.sol,0.4.23,MainToken
0x60c409d9135aae95d53b44fef6adf371db9260fb.sol,0.4.18,TICOEXCHANGE
0x167915E976B422E5B83DBAdcfb9dbb302fc25F55.sol,0.4.24,Santa
0xad90096d3ed2747e51371081d7709d01dc5beb38.sol,0.4.11,DigitalNationDollar
0x0a3aa27c785d424aa979a04df0d4b1546b0337b6.sol,0.5.0,CO2_Recycler
0x619ff65f38474989959c707b2144ebd2cbe58d1c.sol,0.4.25,TIMEOUTTOKEN
0x46bb139f23b01fef37cb95ae56274804bc3b3e86.sol,0.4.24,Aggregator
0x5217ab12c9bc98ff936d9e571fbc3b25cfd9f48d.sol,0.4.16,ERC20Bich
0x7C1C9B215780386215b2FF01bFef9146866925ce.sol,0.5.0,Token
0x4f73d0649d9f600367f03845dc234e9acfc4e2fc.sol,0.4.24,SPTToken
0x77a277eb906cb43db80ed3acad3682c125d2f923.sol,0.5.16,Fundraising
0x3Dd0C3D17F5fddbbd4fee3B20eD9A177E6Ab6E15.sol,0.4.18,AQUA
0x67025F6230591672DeEEb2e5b193c5a5f1B31D17.sol,0.5.12,Token
0x5a3b8896d90bf4e656d35370d6b2ab9613a854d1.sol,0.4.24,ORA
0x6f8975248428e41c13fba2c8b797cd62637026f8.sol,0.4.24,BITCOINSTEER
0x4ba1bf0cb44c2d3c192251ef482b3be59867c62a.sol,0.4.26,ZipmexTokenV1
0x67f5e7d54a6db25f14bdeb538edf1df33f8f5a8a.sol,0.5.9,EtherWin
0x92b8562d3369427368aed9087c424ce0cea1a030.sol,0.4.24,RyangCoin
0xb0399c2fb7958d8d0fde93ec58c4efa1ba501375.sol,0.4.24,FiatTokenV1
0x362B4c3947592e3ED0e54580768a92CFEa654b02.sol,0.4.18,FromCarToken
0x8559b5fecc877574726f6add16dd8f5dd24950e6.sol,0.4.18,TribeShares
0x55a31c8779dfe9218677d9f5fb9aba7d35f7e652.sol,0.5.0,StandardToken
0xa78a974b487357ad5c17a072dfee4d31b839b331.sol,0.4.16,HOT
0x998ac5fda28760bcb575c45f6c641ef9a154a081.sol,0.5.11,MoralityCrowdsale
0x703f9ae24753380853e436ff60170dc0ea234a96.sol,0.4.24,KZB
0x0B96eDCBF6C4a96b672034F12BAdF098de6eA26C.sol,0.4.23,MainToken
0x0bb8286ae679348402cdf13329e9d211ee795c55.sol,0.4.24,BFDX_LEO_D
0xB20B932A35aC1396835772c459591197130980Dd.sol,0.5.0,MetricsGroup
0x7350ac18b434454501b35166d823714af8a1a4fc.sol,0.4.25,TEST
0x2dbe823bbb134274b463b7ae001961f36d2bbcad.sol,0.4.24,RemiChain
0x82619a31ab374f4b3d0ef8a74d8dc84d6a5c751d.sol,0.4.17,Coin98Token
0x1a59c5bb473c734e7050e9ef26f93c98184b3e6c.sol,0.4.16,TokenERC20
0x26f57f35a4ae934df990e7ccd9172c4c3e14f286.sol,0.4.23,CHEX
0x8be077228F4e8977a2366653a75C0eB3d68D86b3.sol,0.5.10,Collateral
0x2f6f7a8657121991e0b0eac3f563ebfd9e2e8800.sol,0.5.15,ERC20Token
0x0442bc99441f55244131cc13a2e717c493ddbf01.sol,0.4.16,ERC20REV1
0x0c1f5107ad9dc9e4125f3af94f5c93dbadce99dd.sol,0.4.24,Egold
0x37568E958CC172609aed23C9c6fA93D3449Ff9Ea.sol,0.4.23,MainToken
0x28d0e77f4576cb783a763efe1fd8106c3ca530ed.sol,0.6.0,Escrow
0x2fc7e08d5303d1959c0eedbf5e82b83ffa5357e6.sol,0.4.24,BitchCoin
0x15327de692b0d0036d81dfef52aa446b9e85b7c2.sol,0.4.23,Typhon
0x025daf950c6e814dee4c96e13c98d3196d22e60c.sol,0.5.10,RICH
0x243434048cc22efddb8aab75673618ccbd63d155.sol,0.6.0,OnlyHundred
0xa396075c48d73774d885af644c6f2db5bc033da9.sol,0.4.26,Petroleum
0x613a38ac1659769640aae063c651f48e0250454c.sol,0.6.6,AccessControlledAggregator
0x3e7f4beee1d5acdd0de0e29acb64ffca086cb7bd.sol,0.4.26,HumanStandardToken
0x20e9fc982ae1efecaa8c712d1e8f7e5afe1408ce.sol,0.5.0,Staking
0x28d2D42f7B2ab21A8BF350fb4ad4bbD2947324c4.sol,0.4.16,MyAdvancedToken
0xaF3573E1E223c601340AdE1f1D52cd106B264367.sol,0.4.24,TrifoliumCoin
0x86Dd3002BF215082Ea43b0Bd2fD595EcE4341880.sol,0.4.23,MainToken
0x3a73f6156c4fbc71b8fdf38090a9d99401163644.sol,0.6.2,LNTToken
0x77bb57D44953A03FE91E6B45862635741817fE98.sol,0.5.0,ERC20Token
0x83b214752caebe6016947b15b2e5535472a9f8fd.sol,0.5.0,etfToken
0x0d821fd932bb054da9ddc73008e217eb5a0506ce.sol,0.4.26,KobeBadge
0xb10a5e988287c0ac61b8039b4eaffec1eacaa0f8.sol,0.4.24,ForeignBridgeNativeToErc
0x4969B4EC3951dBC83bd1cb89323A03e39317Af27.sol,0.4.24,Life
0x2dda85bdb6e977e2637a09913cbe7419429f7819.sol,0.6.0,PullRugRun
0xb535279f41fc8a9445ec21cb33ee8d68976d17a0.sol,0.4.24,Hittretix
0xa191e578a6736167326d05c119ce0c90849e84b7.sol,0.5.12,GemJoin5
0x5700a90e868d9c6777fb17db5eba26a46a66a456.sol,0.6.2,EPT
0x2ec62769e99b382fc6308e840762a039f6507845.sol,0.5.0,ERC20Token
0x451f8abd17bd1bf1a4bd343ab41486e571dfa81b.sol,0.5.11,ErazerToken
0x59907c003c782fb68f30e70bcd3f7397758e6bd2.sol,0.5.0,SlashToken
0x90df59cfa9dacba4ba0ee1a387feb1ec7615c6b5.sol,0.5.0,TokenMintERC20MintableToken
0x50a0ea5c75a7503866493807527a421d4e830ec0.sol,0.4.18,OlivePlus
0x5dba1444ac267ae2fb1bfb28fb71b8665f99cda6.sol,0.4.17,MAIUSD
0x2D68aeDea38ff0bb179ef869554bDAA2f8033279.sol,0.4.20,ERC20Token
0xa7cca1ab4ea8cba3b90786b30aa39d626d7544d7.sol,0.4.18,WrapConversionRateEnhancedSteps
0x3debD54a01a1FC12282Afd1FC39738ee3B9240Be.sol,0.4.23,MainToken
0x8099df55b14898d00daee938d6131678bda1d34e.sol,0.5.16,ShareholderVomer
0x32EDDB1A4D81BA029Dd1356F4f65dcA9bA70B3aC.sol,0.4.18,AC
0x4c6584ddcdfab7110c7b1be47749bde8edc9c0c9.sol,0.4.20,ERC20Token
0x43299c1debe09100deb8aa885de60d9be5e2071f.sol,0.5.10,MOGN
0x25fa978ea1a7dc9bdc33a2959b9053eae57169b5.sol,0.4.24,Aggregator
0xadab1712af894ddd5c637143a0451bb27dbfd087.sol,0.5.11,OPET
0xb724878358a65e4e8e44b9e55dc60aff61ed9cc9.sol,0.5.16,FreeSexToken
0x0ede3f2e140c5ff535eb38da975cc71862d4a35c.sol,0.4.17,DBUBPoints
0x5c77cd6160f1be4df0ede538a022cec96032b11c.sol,0.4.26,Reits
0x873ee7eea500a75896fa8187b274100bb2b3b7eb.sol,0.4.18,MinerCash
0x31970fb95c9B5cE8679fD4247675211C9a104d8A.sol,0.4.24,Ethereum
0x6842393cfe5c0f1546ddececbf56c5beea8bdac3.sol,0.5.12,ERC20Token
0x7adc805873b7fee8b94304e725f1e36a181c6d8d.sol,0.4.17,TetherToken
0x0bc529c00c6401aef6d220be8c6ea1667f6ad93e.sol,0.5.16,YFI
0x81994a37cbb3b4e5663c0b85ca94403373083918.sol,0.4.24,DCT
0x4f1e3d5ba6cf6d3b3b82eb270fd1642bdaafcabf.sol,0.5.0,StableAMM
0x50668356cadfb5cae006c06ed16bcffc11524218.sol,0.5.10,ZXTHGold
0xa151e5aecaad2c56319254e0df12768af72db284.sol,0.4.24,SEADigitalStableToken
0x7bae997806015b3e814124d14bb5bed6e725c0a9.sol,0.4.24,BCEToken
0x3B0260cB86D946E716783E977930F50803453f13.sol,0.5.12,ERC20Token
0x9B4abA35b35EEE7481775cCB4055Ce4e176C9a6F.sol,0.5.16,StakingRewards
0x92298fa0647b5dcff6eeabab97c9bd81b5c30d06.sol,0.5.10,Token_ERC20
0x4436e91ed4223c6b30ed23f96e9dfdd419e2e6cb.sol,0.5.0,StableAMM
0x4efa9099738d2c1b38b51b92fd78f27ea2d23fed.sol,0.4.25,ETEST
0xa2d0e29a9627e20FD886a8106DD0AE429403a57d.sol,0.4.23,MainToken
0x222a9c2beea0b9f397c269a3049d06d9d88cbc7d.sol,0.5.0,ERC20Token
0x338743f30729c237272ef36ee5fe9e0ff1adcf6f.sol,0.5.10,AFX
0x9dc2c27e114d1cd15fe635aa7fc32803aaec9968.sol,0.4.24,MKExCoin
0x39ab32006afe65a0b4d6a9a89877c2c33ad19eb5.sol,0.4.25,CTetherUSD
0x7fe1f327b4c8fcf6343ecd4009ce9d07ce7962ae.sol,0.5.0,Staking
0xa0cb77779acde6f668265c791c7123845f11e72f.sol,0.4.25,F_Fever
0x7892b788cf2c2f2ddf384c047084a946fd241486.sol,0.5.0,TokenMintERC20Token
0xa497acbe11e3cc9c20fa077278b200361b990c4a.sol,0.5.0,PolicyGroup
0x8783a447fc4e0810c1f815de572a33a0a07f3303.sol,0.4.26,MSLD
0x7899c266e9ebcd74f614674142101b2a6a1cd42f.sol,0.4.26,SFBcoin
0x70e5e3a18780f11e1b9a195ee270c4ccba747ccf.sol,0.4.24,QARToken
0x3589ccED7c84060C428dfBd4BDb9903a3E418e73.sol,0.4.24,ApollonCoin
0xa417221ef64b1549575c977764e651c9fab50141.sol,0.4.24,Aggregator
0x8a07e9996f0d88d515abbe3a483ab0f986e8d6a5.sol,0.4.25,Token
0x97f75ac00a32d54b7fd3a3cf156343cdcb5060f9.sol,0.5.12,Vat
0x9e115f7d5625b111fee987dbecb35de2257157b4.sol,0.4.25,AirdropCoin
0x521a2ac7b33b09fa21a1ad7c040f4e1b5912c1d0.sol,0.5.10,ZTokens_ERC20
0x6d52d340a8537aa0de865a0d87f380d6d512d333.sol,0.5.0,StableAMM
0x6cd82ec77381db21f966fc2639698772354f4b92.sol,0.6.9,HYDRAStaking
0xa5e14b2cbc0ceee9cf4225ff2db0c3a14fec7390.sol,0.4.18,BTCE
0xa23c22c4bbf98cf3f2976bda54ab67422e7a84d6.sol,0.5.11,SVN
0x4dd78b735b9399963d74c8369d12fa20e879a639.sol,0.4.26,JPY
0x324671fe75b36102dd1a25dabacaa2a05ad76fb8.sol,0.4.24,Fifth_Generation_Digital_Currency
0x5d4bb541eed49d0290730b4ab332aa46bd27d888.sol,0.4.24,Aggregator
0x36E31c256a56F791f636Df25306a4446Fd43E4a7.sol,0.4.23,MainToken
0x804f84a5c4ff8cb42d3d76eb58f295d9b7bc5b37.sol,0.4.24,CRYPTOINFORMATION
0xa60830277aa76a1f9adabf9f78dc339788d0be4e.sol,0.6.8,Token
0x9b53e429b0badd98ef7f01f03702986c516a5715.sol,0.4.24,HY
0x63a049496c1d24d727fdb5af59838562a5aea981.sol,0.4.26,ODX
0x93a0b8b9d428c49068dab06567039207467a7094.sol,0.4.26,SCTG
0x4340b48b1a7a83a5b355ed4ce50559eeb8a91836.sol,0.4.24,BITCOINBAKE
0xa7d1f4d82dfb8aed1f83d0fb4a3978aca890c5d5.sol,0.6.0,MotmansCoin
0x8d2ac4c62ac912c949022c2acb6b532816d1cf51.sol,0.5.0,Bitcom
0x2475fc046632c191f98dec65d89df602a9e4b450.sol,0.4.26,LDGF
0x9f8a849796b1aab7373f61d5a73013f50d1eeb38.sol,0.4.26,voorbestaancoin
0x5f632f77a8077170edcd8faddadf06384cdc0e93.sol,0.5.10,HRQ
0x85a24b2e17648e0584a7160f40932112c1773adf.sol,0.5.16,StrategyControllerV2
0x1b30a057e4211bbd45db5ff6477cfcb625d512f9.sol,0.5.16,XFI
0xac2b03d9b0870a88479719b11a526318e2f0193e.sol,0.5.1,FckDice
0x807dd46f267b921efd4e3a92734a77b2e7a177ea.sol,0.5.7,Falcon
0x24dd028bd027511482e701d08bae002cd6e82a5d.sol,0.6.10,yCollateralVaultProxy
0x387ae8fb5b19fa41677e1da5b313259066f3099d.sol,0.5.0,Coinoplex
0x2e08cdd3aa95283201a2247217d35332fe38a082.sol,0.5.0,VCToken
0x498fe2cedf12e1c6ffcf875735ddab27c4005146.sol,0.4.24,TokenX
0x16e6ffca042066d3f56c5ea890dd67b2231ee061.sol,0.5.0,AllocatorStorage
0x517c777866179640ad10fdb9c305f6bfe64d9cf1.sol,0.4.24,CJHJToken
0x5cb5e2d7ab9fd32021df8f1d3e5269bd437ec3bf.sol,0.5.16,StableAMM
0xafb4d9ad87a5bf41218a02175ecbf281359bce16.sol,0.5.7,AppleToken
0x8abeb9cbe15a298393587ab60496a5cf6b67a128.sol,0.4.26,THB
0x4a038f20cc1bf603e57dff6b2840c392c5df4834.sol,0.4.24,SmartChain
0x923cab01e6a4639664aa64b76396eec0ea7d3a5f.sol,0.4.26,BancorNetwork
0xa1a2bd01b461541bb24240e57c35b1299250a52d.sol,0.5.13,uDEFI
0x86a7adc5fdabaed0a5fc00f6af82543f2524937c.sol,0.4.20,ERC20Token
0xb12e488b968fbf7a2e942f918e31eea4f49fc7a8.sol,0.4.24,PARS
0x8c7045f4216d317ec4b346044e6c5b6235b7aca4.sol,0.5.16,FOXBET
0x8EE1020F59Aa470f5eD57484194f76665191a43F.sol,0.4.23,CHEINDR
0xa6fad2ced78f50e07071faa6db7b62d94a643d01.sol,0.4.20,ERC20Token
0x2b85cea4e0ee23468b54e0bfe8284f4c308cfe37.sol,0.5.11,CCS
0xaf89ea294556a5f0cbabb28a8df39364a649c130.sol,0.4.17,TetherToken
0x627888Fd6227Ff7174Bd7C4dE8a006E7dC96F4FF.sol,0.4.23,TELOID
0x923c90b98ee834d118c85ddf44906ee1769df648.sol,0.5.10,Qitcoin
0xb6cd2fe50428dc273d3cb91e2af8ea7e1aff0467.sol,0.4.23,AMEXY
0x4c7b965c22562ba4cd06de4177afc09311f0bf03.sol,0.4.18,MagicCoin
0xad2aa3c57570ad9811ba8ee90316f9c73f78035a.sol,0.4.17,CLN
0xb2536f4320a0bb9157b74ee93631cdff5b7f13dc.sol,0.4.17,AstraDeFiToken
0x8a65ab17324c155fac3e46ad33e9553d9165a252.sol,0.4.24,SCN
0x7cec7f68a62f8073152685fff7b642481d0a4e49.sol,0.5.0,StableAMM
0x171664573e3969874DBa31c35082151Ea4f181F3.sol,0.4.23,MainToken
0x095e1837cac538d5f08040b4f7d0f26d38d46dc3.sol,0.5.0,AllDropsOne
0x9cb1acf19dde14586bed104369bd7aa341322627.sol,0.4.17,FASTToken
0x4a0fbdb3bbcb779f22cd7874d3005c2882a63462.sol,0.5.12,LockTokens
0x2cbfd29947f774b8cf338f776915e6fee052f236.sol,0.4.24,Aggregator
0x3284c32fab91d3b1285667b32cc2175c279b2052.sol,0.4.16,TokenERC20
0x1c8df33e9ef09b99be505a714b2aa91cff2f6b71.sol,0.4.25,TokenERC20
0x8679f1f00725c3b02918604438a5200b0acf7584.sol,0.4.26,USD
0xb0159528e61e6ee55e1c8702e26f1123da97a686.sol,0.5.0,SssGoldToken
0x69299fcbe559b3494e428fd0796a24b5c5e301e1.sol,0.5.0,TokenGeyser
0x2871abb6c36161a251d295ac05773cab006c240d.sol,0.5.11,LTP
0x918101FB64f467414e9a785aF9566ae69C3e22C5.sol,0.5.13,OrchidDirectory
0xaabc0c7bb8b05333e0448aa483a4bae558cfaea1.sol,0.4.20,BebPos
0x0144F889f8ED5Ec7962E2936683D3784b550C71A.sol,0.5.0,ELE
0x8d6f9a1141821e8ef3a0fceffe6e912def66ef3e.sol,0.5.12,Token
0x5A2A3744031C4541A49A0a1A0c1f77Fd10BEF33F.sol,0.4.17,TetherToken
0x601f16d1d60839dca26b0895b6a23774bca10719.sol,0.4.25,MysteryGhostToken
0x175e67fbc136566b97dd4de3b74b7b130844e465.sol,0.5.8,PointUSD
0x28f94409b40213d95c0bd942fa16d6c679475bec.sol,0.4.25,DEKSX
0x59ea1Be5a87C8700689EA5A38FB9c760D81aB64E.sol,0.6.12,MonetaryPolicy
0x6c80a319bb2ffd5f984506b071b4d3283e6c7b0e.sol,0.4.24,Nidronya
0x21ae519ea6e7df4fce20a1d1d94abea60ae5ac63.sol,0.5.11,RaffleMarket
0x180599d1Fe39909c63Ee9C37ca815252D6752dCD.sol,0.4.24,Everzon
0x516334aa920c5ae3897b8208952b4b35143904c3.sol,0.4.17,MToken
0x96537d7642645e553e6d32bb750de3fff7ac37fd.sol,0.4.26,SAMSUNG
0x759a58A839d00Cd905E4Ae0C29C4c50757860cfb.sol,0.4.24,Aggregator
0x32fb2b0f1453c91a4c01e504b1e6339f9d7914ba.sol,0.5.0,TokenContract
0x4ef5ccb263b9d0b4472759cb8b53c8054965ff0e.sol,0.4.24,Elitecoin
0x944bb40496044caa796ef4e1b8fcc3346817c60c.sol,0.5.0,StableAMM
0x43F19616c4D677771beE32c467c58621C9d67b3B.sol,0.5.0,Town
0x4f25e9710d006ccdce7d583492eab3d9ca24b3e3.sol,0.5.0,SimpleToken
0xB72F97612d9b62038015c1c4D38e987947573a9e.sol,0.4.23,TemplateCrowdsale
0x8B8a8A91d7b8EC2E6ab37Ed8FFbAcEE062C6F3C7.sol,0.4.25,EpayCoin
0x415d809bacc2b89c428250cc75264fefae9dc8ae.sol,0.4.18,BCXTOKEN
0x0bb7db697567178c590efa64a7dcb2ce6213768c.sol,0.6.0,Camouflage
0x9f07d388344fd87538df8c894c0b942165ecf240.sol,0.4.24,BITCOINFAR
0x3B8c698C5bDaA059F93Bae370F00a01c4fA5352B.sol,0.5.12,Token
0xb46546ed5bc9cf513620096b680c26c7bc79cff9.sol,0.4.24,MEDDialCoin
0xadae61eaab45ac109c068e18e723d5f0436beea1.sol,0.5.10,Token_ERC20
0x7212bf3e8f969a4f523e3b63db7d85f13af64731.sol,0.5.0,Staking
0x5b360e4bd00d3d056578bb029e66aa2fd80077d8.sol,0.5.0,AllocatorStorage
0x99b62CbfbAB9EF5B729e403e4B88E56D17CEaE20.sol,0.4.24,SpigaCoin
0xb577d5983da6773ce3bbaf9cd7a15cf82ebbcb01.sol,0.5.1,PALLADIUM
0x75eb5fe3e23f93393398049f2575cf36d6a6af1d.sol,0.5.1,PALLADIUM
0x4ed792a66f2b4cf51671c42137dff7f8703b0875.sol,0.4.12,EDT
0x7b7dad14b2d19b0bd94ef9479ab237a525a373e7.sol,0.5.16,efinance
0xAD9044488a6f7fF7a76Fcce10B9caC2894d5f6B3.sol,0.5.10,Bloom
0x36224f0f52614d2433158ac24023010adbc2945e.sol,0.5.8,EtheCarat
0x8e77d6596743ed542ed8779553c6ece6a64785af.sol,0.4.24,UCF
0x520bba6b38cd3a9d8f799685a5f782d21568210a.sol,0.4.17,Tripdefi
0x3c420e94beac0e2623e6c12c7d90ca4617bb9b24.sol,0.5.0,FlyingPigeon
0x820f8524ee9a5d69c9e9da07f22c7170a714af28.sol,0.4.24,BITCOINPREEFER
0x3c7387f37f90e46d1a27138a7a5ca5d9af3539bb.sol,0.5.0,Staking
0x67197c38b71bee6fcb8d8176e099541245604a5b.sol,0.4.26,CHF
0x9194e3c85e0899581efbc87c265ec0071fc5958c.sol,0.4.18,Tyrantcoin
0xb597b44bd057d3648baf9f9d059d9d9f218b9c96.sol,0.5.16,ShareholderVomer
0x35242Ed010d80F39643982d0216D7CA7AD1FA841.sol,0.5.0,SlonigirafToken
0x8f5e2dea54333af9788e9117dddbcbe6bae445f1.sol,0.4.18,STUSD
0x45d0251bc82b0d383006ca536fc580db113eb4d7.sol,0.4.23,MainToken
0x70fadbe1f2cccbaf98ac88fdcf94a0509a48e46d.sol,0.4.16,GL_ERC20
0x549479cf73b904a633c564cc392f4093037e73b1.sol,0.5.0,StableAMM
0xae82a35174b665881c52a6dec6f743676d1ed1dd.sol,0.4.17,LMCToken
0x21f9faf6ff679e6b01812ba32c0e8c073a1130a4.sol,0.4.26,UBitcoin
0xb0e691f4912c6c409710e1fd5d979aba466afe6d.sol,0.4.24,CRS
0x74cad4100beb2ba5fb7f28090ca378b44c5510c3.sol,0.5.11,CryptoDaysProfi
0x93e0c0359e227af532e560a5573f056e644f8f53.sol,0.6.6,AccessControlledAggregator
0x3ed182eB5D6a3dca61518DD484A53C57b55B3954.sol,0.6.6,AccessControlledAggregator
0x8770afe90c52fd117f29192866de705f63e59407.sol,0.4.24,Aggregator
0x9fc5e07700fd66420bfdc21e219f793d91564ef2.sol,0.4.24,SMT
0xa76942d04cfbbb7a3f20687ac1d11d150185f38d.sol,0.5.12,BTZ
0x9492b5d13806abeb2571f22570cfaf820f19db4e.sol,0.5.1,PALLADIUM
0x100f3f3d01f48b643574eca0d12258f5c5bcfa9f.sol,0.6.6,TokenNetwork
0x115e29615d1c10c8ddf826e4faec64ef6c1e3357.sol,0.4.18,CapitalCoin
0x37314508aA54d240742EaE3C905B2Ffc5B89446f.sol,0.5.0,BatmanToken
0x54c42accb052c404931d0bc8303e6670bfc0a2a4.sol,0.4.16,TokenERC20
0x98ed669c30f06fefafdc2715c675ad02e3d0bfd3.sol,0.5.0,Lockup
0x68534b30f28680c6a9eafd54d06fa99c66bb6e07.sol,0.4.16,TokenERC20
0x07b1f172268e1737c3176b50033dcbd7755284ee.sol,0.5.10,ZTokens_ERC20
0xb5Da07B27d8e90ed3ca720436cBB7f523C75233d.sol,0.4.23,MainToken
0x483fe5eda435ac9e718cc61a13595154c8b66518.sol,0.4.26,DEFi999
0x9715f8f28061c866d47400d90c9dc1d8bbbe6a8f.sol,0.4.18,Token
0x8e7f348c5dfabe9043eaf2e411aa3ec704c4fbe6.sol,0.4.24,HFIL
0x55065ca0902d438224096bbd9d3c83f199b6bc00.sol,0.4.24,K$
0x3eab31b98d90b8b62e015b9b0c6bb973f1fc9e77.sol,0.4.18,UlandToken
0x7a58da7c0568557ec65cd53c0dbe5b134a022a14.sol,0.5.10,ZEBELLION
0x3aa6c3f86d945085c9ff4581f3963f4f0404a416.sol,0.4.24,AAA
0x9cfa15a1a8bda741d41a6b8de8b2b04e693c9ea5.sol,0.5.0,UnderlyingTokenValuatorImplV3
0x6a23b52c18277d24255196fc1447a94d56d94764.sol,0.4.17,TWGCToken
0xAA912F203DcC1f5b6F862c0e0dA3254Cfc08A1d9.sol,0.6.10,TrueGBP
0x967fb06a8d8428bc9d03436d06694704e9bf7019.sol,0.5.0,StableAMM
0x73cee8348b9bdd48c64e13452b8a6fbc81630573.sol,0.5.0,EGORAS
0x357e53a1ddaed13b106799638fef9416059223dd.sol,0.5.0,Dgas
0x8e768ed468f53843533d46ce7cd9d5675f281fe4.sol,0.4.24,INTRINSICBIT
0x5555e6b8e710bbcd7804f5172395b87c09621f80.sol,0.4.16,ERC20DHT
0x220cfb3a7d00af77bc411cfb7ed63177dca0251a.sol,0.4.16,TokenERC20
0xb88f7052721f375725ee985ee78792e22e38dd69.sol,0.4.26,TokenERC20
0x851be0d936cb611d2cab3c3963338288445c1e52.sol,0.5.10,Zhey_ERC20
0x6fda9ea3b5bb66abefaa0fbf144c1a174ca8f448.sol,0.5.14,cTokenKyberBridge
0x8D9b51d2feb201fCD39BE4fC905Ac7ad0d14A992.sol,0.4.24,DrkToken
0x55d15b5014c20bd385eea2bbb74637212572a70a.sol,0.4.24,LagomCoin
0x2CB60a4291CD613aCc1F141bb87B96c2B816dCC7.sol,0.5.12,GemJoin
0x15c4adfef5cc542cf75552d1d7f74931a5a72a1d.sol,0.4.26,TokenERC20
0x0ddfbd0c3712ee4bef3af90efc5ffae6c757bfe3.sol,0.4.25,IUSDT
0xb2c5531758bC246A04b26d163baFE1360405A3BB.sol,0.4.24,FtcToken
0x738d3cec4e685a2546ab6c3b055fd6b8c1198093.sol,0.6.12,PampStaking
0x1A915888faAB504C0afCeC5d4041922fb3630812.sol,0.4.18,Y0Ct0
0x95375b4e7cc373e134b3198b640275cd64f8ec6a.sol,0.5.16,BeerFinance
0xb65f0f632081285b600498cc43b58032d418b10a.sol,0.4.26,JORDAN
0x6f0f17df020cb9f200c175883b24b4407d18c521.sol,0.5.10,ZTokens_ERC20
0xb3bace433288645114fe8e8aa91f87659cbf665b.sol,0.5.0,WPX
0x6f367bdf377aa5be98efd77a734dcf7ca2539857.sol,0.4.26,TWD
0x6d1d1da8145c26f37e032179e3434e293c3aea51.sol,0.4.26,HAWKIN
0x4c0fc6c8acf92638184741ca17ec9e71d8ee6909.sol,0.4.24,NKCLM
0xb5a4ac5b04e777230ba3381195eff6a60c3934f2.sol,0.4.16,TokenERC20
0x4c82179078846890fb6e85b765d75e1a095688f0.sol,0.4.24,SamoToken
0x1da73c1a17f136faf15a666b645dde92a608d809.sol,0.4.24,PayPalToken
0xa0b84460a1e78339692c7463009c35f0b9a6ae4c.sol,0.5.8,E2P
0xAA12232bF1C59038C07281aC270DB8E8474D6A66.sol,0.4.24,FoxTraderCoin
0x2a96be519721e5372d508e621294c6f446e4fa1b.sol,0.5.16,JustSwapToken
0x90128b78241838f1719040773360af167c8f98ac.sol,0.5.0,FckDice
0x5a65ac45d0446394c51c00101ff66021196a5a9a.sol,0.4.24,RMS
0xB3466C83ab9d416a3ce49bf431B5D41d87A6287E.sol,0.4.23,MainToken
0x32d630f26631f738f5b935484460e5f9bac0f067.sol,0.5.10,ZTokens_ERC20
0x747d3780e8a78e644e20b2d1d4df51c42814b34e.sol,0.4.25,BitcoinProtocol
0xAafF21aC2aA892DbCA01D8543db87725E097B78C.sol,0.4.23,KBHToken
0x5323ab0fb78c20ed32ef1ed0a4b529942aa3e026.sol,0.4.20,ERC20Token
0x2121a1b68e9c2cc8ff4bfd8bcd0f891ece331c51.sol,0.5.10,TANTAN
0x7c0e3fe680b74d7bd36f581bc81e2fccc1afc62b.sol,0.5.14,cTokenKyberBridge
0x9d0254cd4698949909fd6d13571d8a3549b2f8fb.sol,0.5.8,Viet_Nam_Cong_Hoa
0x4c75e5a69b3fd89e32c08344fab8c688938bdb5c.sol,0.5.16,Euclideum
0x5c3e96662397a75e334ca2db3c9835bdb0b2cb8e.sol,0.5.11,OTC
0x3942b4dab270b85f20c7d40178862cb7b877edc8.sol,0.4.24,Lampgram
0x5c4d54b123752e3bc525bfbdfcd2301d088abf55.sol,0.4.26,RONALDO
0x25bfb48c791f6464de8fca01542dec64b83d8199.sol,0.5.4,UpCar
0x24ddfe7c64a021135eb79b1d36833e3296f01562.sol,0.5.11,CMP
0x1916d5b167d6b63e1947d04ae5d443fb87807831.sol,0.4.24,Constantinople
0x5f0711c689ed216f97d91126c112ad585d1a7aba.sol,0.5.0,ChainLinkFeedsRegistry
0x8cf15c200bb057dbbbb4b270b95769dff641ee92.sol,0.4.18,cartesiToken
0x3C0e95a7F64E286bBB5bddBfDEc53E2e42f288dc.sol,0.4.24,ClassToken
0x1d01a98f559530f9904631d0a243462b74062478.sol,0.5.0,Staking
0x231df7f56dd6449dcc1e521f99a307e13733995a.sol,0.4.26,EUR
0xa60c029e4f5795f97910ad41a609f40baa77d289.sol,0.4.24,XAGEToken
0x3e72a3f9819e43713315c3f13338a4dc74b22baf.sol,0.5.0,PaymentMaster
0x69B401782D893f494BCd362f04E2E2c30076A257.sol,0.5.0,IzeToken
0x8Be12dD9Cd9f104BF996C0166ac1Ed6f54A62523.sol,0.4.24,GMC
0x4DB45d68f31276e7EBa139e42fDf1e18B869e93c.sol,0.4.19,FusionChain
0x35db23f13fcb523d49a06e53092ccdf22f1fd70e.sol,0.5.0,ERC20Token
0x9d96c1e44bad73f980f43f5db6cbedcaf434d6be.sol,0.4.24,QUBIT
0xaB2FBC97BBcD0AF4F7c5BBc0AA95933255aCb784.sol,0.4.25,FASTPAY
0xb05b91801abc0f6a20850ba1cc47fad25266784c.sol,0.5.0,TokenMintERC20Token
0x3F6f3718921FE9F7C113eE3d46928Ff995864078.sol,0.4.24,WpcToken
0xa079fbe0b405c161827ce597da9eec1046110244.sol,0.5.0,StableEuroToken
0x697537d10d3739e797455bddec3f068d02423c0c.sol,0.4.25,Dubai_Gold_Coin
0x7acbb1827642b60d6d22250cc651c9396b2fd497.sol,0.4.26,X5
0x234C639e284df4Bbc1f028249d13A9De2E3A48f4.sol,0.5.13,KauriStaking
0x86ac75909d3dfd6fd0d88d3bab92700af5ca2a68.sol,0.5.0,Staking
0x963f388d3bc0ad0360ea1e6abe24ee422581a4ee.sol,0.5.3,MbtToken
0x305e0fd2a33710800c3ddd4c6207e41333fc0237.sol,0.5.0,TokenGeyser
0x32c222efe25af3619a7494c4428b1a287731a447.sol,0.5.11,DharmaTransferFacilitatorV1
0xb4e70c33f989aff6e0162cb3fa2f6da34da5caae.sol,0.4.24,HMJF
0x0e3abf45855fbaa1afcc3b33cf08b3915bdcda96.sol,0.4.18,Rainbow
0xa295597fea1d7e3b816ab38153287d81fa569b13.sol,0.4.26,ZJG
0x133834219045ed0cf692619d63abcd251e6b1ca1.sol,0.6.0,MostExpensiveToken
0x7f65be7fad0c22813e51746e7e8f13a20baa9411.sol,0.4.23,Rebitcoin
0x23003ddcee4428da34748cbb5e82fff20dc16453.sol,0.4.26,ZXLToken
0x8e666834be8d7a661ceb8367082b5657e99462ea.sol,0.5.7,PZMT_20_Plus
0xab43ca296f7dae6673b6ded9d0b2886bd196bf84.sol,0.5.0,StableAMM
0x8e09fe761f4eee5dac56024cc5ef9174231e5f1b.sol,0.4.24,Indoaset
0x213a22d873e02269ac45c094c0655a09eaa22c3a.sol,0.4.16,TokenERC20
0x099bf5d2fe677476a84d986eaa92e8cb6c80eeb1.sol,0.5.16,TheMoonFinance
0x32137d69ef59912aca5f8846205f3c8ef6232f22.sol,0.5.0,Staking
0x4754c6c935de7861daf614cf9886e6d1538adfc6.sol,0.4.16,ZiTCOiN
0x6fC216BBBa44F2cc58377f0f6376eBd72f0F3a26.sol,0.6.6,EACAggregatorProxy
0x8e75c1b1af9b7f4e987ac277875162c0eb0c87f1.sol,0.4.24,BitcoinPizza
0x2bc7d7673b17efdf7f9d71921e88877711276c84.sol,0.5.16,StableAMM
0x98f213d5b4953439f60b26d6b01d6b68b197fe55.sol,0.4.26,GBP
0x4d714Dd7E399e0Abb0b1aF54dB10998Cb239996E.sol,0.5.0,CarbonToken
0x0e46a64b037e67eeeda2f0a9c939b0c39af08fb5.sol,0.4.24,ARFONE
0x6302eb80a6bcfa97160b6f931bbaacdfe5a923d1.sol,0.4.26,FASTPAY
0x0e9a0fe317da6c0ca0e1600704fea16211dc2c06.sol,0.4.24,BeardCoin
0x5e3038e48fa3ba4113b2cbe0417f90dc8de1a9d0.sol,0.4.26,TokenERC20
0xA54D59b5741502EdB88cF245af007C678F7750de.sol,0.4.18,SnowDCoin
0x0eb43ce1708f415dfb1734a3f69a89403011a4c1.sol,0.5.10,ZTokens_ERC20
0x40e36b09ff3eba462be5c86289b16840edde9773.sol,0.4.24,HKExCoin
0x9eb0c987cec77c4952e92c4d2a3622143eca0869.sol,0.5.7,PZMToken
0x1527C9E9e806978A3826d4F79d2eeB7A7499AB33.sol,0.4.24,goter
0x30a9dab82f8fa64fdfea43665546e24aba7280db.sol,0.4.23,MainToken
0x07e42d9dc1471f9c3c823f1786cca07ed6180197.sol,0.4.20,ERC20Token
0x474b0b39f6558732c177dd459013a7ad1d6c55dc.sol,0.5.0,Tanzilcoin
0x46161c679c55333c3156f55246c1eca7b568642b.sol,0.5.11,DharmaTransferFacilitatorV2Staging
0x75baa52804ddffea0e442ee90231d7fa2612faa0.sol,0.4.24,FiatTokenV1
0x9d5e80044d4bf24f82d21c5ee53b91efa49b7251.sol,0.4.18,EnhancedStepFunctions
0x72d530016e9e0fc23de6c1f7f487992c879518dc.sol,0.5.10,DEXT
0x7ba92741bf2a568abc6f1d3413c58c6e0244f8fd.sol,0.4.24,GBP
0x6CbF34CBa6C1388fDF31e50EE408b1d2B0653499.sol,0.4.23,MainToken
0x5b65ca066b5468a022fa3132415c5e817913a9e7.sol,0.4.26,DISNEY
0x157281acff48cbfe8d7363e89c8445b98757e212.sol,0.4.24,LEGA
0x44585bbddd111dc642abb19947573dfa389a8d5b.sol,0.4.24,FucksToken
0x96b52b5bf8d902252d0714a1bd2651a785fd2660.sol,0.5.8,EtherBone
0x8f8e787989bc652eea01a6c88a19f0f379bdf4fd.sol,0.5.0,HELEX
0xac97262883f44bbefbcd5e077f0d538e2e6f1da2.sol,0.6.0,P2pSwap
0x362b78a4de08a7d8dcf8991be6ec6612045fcb9a.sol,0.4.24,OxUSDToken
0x821bB0e3c8Ca07e428C600befa9B67DD4620973F.sol,0.5.0,HnBExchangeToken
0x22fad18e5c1a8c483aca2132f6725c7da6cfb799.sol,0.6.10,iCollateralVaultProxy
0x3f448289a64160dcfa78e9f853d0e57fce1e737a.sol,0.4.21,CNZT
0x3704056ac201ad612d07b8b60e01ee34810d3bc0.sol,0.4.24,eCredit
0x027b8cd9c1761651048a65eab2f8d4ed9b97a59b.sol,0.5.10,ZTokens_ERC20
0x0fe9f4baec06f1c287f7f6c5f7e65a66c135b809.sol,0.5.0,Staking
0x60C0554939367F502cf5762f72F04120E960a803.sol,0.4.23,MainToken
0x8438c06260b613b34b6d6f6c7f57281959466000.sol,0.4.20,BebPos
0xb0db5618fe22a1c2220b4563bb2ab094769903cc.sol,0.5.0,SONERGY
0x8f4f846f2eb9b7d124b7ceb37f103146ffd1931b.sol,0.4.17,BYBToken
0xadbbb02e20c44779e87f7ea90c47c9a7a8a93fee.sol,0.5.0,BitCrystals
0xa9d8dc2ce593390efd717a04f2bc0203351774ef.sol,0.4.24,NKCLC
0x56b4F8C39E07D4d5D91692acf9d0F6d4d3493763.sol,0.4.23,MainToken
0x6f0b09bfa87410ab993291ec5f8cda81f1d2acd9.sol,0.4.24,Pilnette
0x8e9c3d1f30904e91764b7b8bbfda3a429b886874.sol,0.5.10,_0x
0x565338b113D5A0f744669BC13c0f30f87A6A92d4.sol,0.4.25,DonsCoin
0x41a6bfd5fc91b9822774d549674cc90512b3a54a.sol,0.5.0,BrandTokens
0x30bf33b9b5fce1b70bbdf2041160bc62d2ba9df0.sol,0.4.17,TetherToken
0x6c2b8d03f2848c546328ba5a6cb0f4189be3b86d.sol,0.4.23,BUZZEX
0x4b6f9a7187736181e3233a1d4a41f7f6fc4d6c80.sol,0.5.13,Switch
0x8a68277a6345011ed116a4f0931b30c6ba128b7d.sol,0.5.10,MZXTH
0x21f333fd6e4c63ad826e47fa4249c9fa18a335c1.sol,0.4.24,Aggregator
0x560db9b46b15b51c410daae1fc1fb1886e55a733.sol,0.6.6,Talent
0x6a90445976b4a9ad09de0c1621048483d2f5589f.sol,0.5.10,ZAI
0x46547369b7694d31407c6990dc83510c9d14f0f2.sol,0.4.16,MyAdvancedToken
0x1eeaf25f2ecbcaf204ecadc8db7b0db9da845327.sol,0.4.24,Aggregator
0xb4f6eaf462d1055635a4e2af67cc921d49229f89.sol,0.4.24,EBDCPremiumMedicinalCannabisToken
0xa0b9838d0b0c3255fc9d568abbb35cbcd2db87e1.sol,0.4.17,ATUToken
0x43cb75be5ef49fd52adfaff0971f3479d037617c.sol,0.5.0,TokenGeyser
0x396be06497944Ee1a775EA52ADa304a4C2037d0e.sol,0.4.24,EOSTrust
0x54a4a1167b004b004520c605e3f01906f683413d.sol,0.4.18,KyberUniswapReserve
0x8e956c4432fcbb0ffb767884caa27f5b513162cc.sol,0.4.26,xBSD
0x02b46985d243001b3de2ee0b68793016c9ca6843.sol,0.4.16,TokenERC20
0x70e9f0d488a3042dd202836f68f8e59c660df1a6.sol,0.4.26,TokenERC20
0x7baedcd6582370fc712799ad11ddf7758112f186.sol,0.5.1,EUROSTABLECOIN
0x8bce0ae2d8f4560b06011aea6239c9e036fa3074.sol,0.4.24,CIN
0x839961692c56270b73538F9906f8736fC1DA4fA6.sol,0.4.24,CHALLENGE
0x59054bc54de14036741ba7fa4dcd4eff7df432e5.sol,0.5.13,PLANEMO
0x4A9D21B46810F69A02ac2D61f4bF1963DE82700d.sol,0.6.0,SimpleReadAccessController
0x2971adfa57b20e5a416ae5a708a8655a9c74f723.sol,0.6.0,InstaIndex
0x5d63846de87179ebfed8b9c512d503c07516d94d.sol,0.4.16,TokenERC20
0x8be0ec59cf66324d062e8dec33788ce77f1d72bc.sol,0.4.18,Token
0x63902021a436f506e1518bff94cdc9d5a52d39ad.sol,0.4.26,CHANEL
0x1e3a2446C729D34373B87FD2C9CBb39A93198658.sol,0.6.8,DSD
0x5a244E7200539adC642438484AD0362ca99b838f.sol,0.4.23,MainToken
0x86690e2613be52ee927d395db87f69ebcdf88f27.sol,0.4.24,PAYZUS
0x4df2c7ec048f69bba12098bf71a15afeeaaf0c4b.sol,0.4.24,SmartChain
0x316Fe7d9610F56Aff59B8Db695dF625581Eb3B4A.sol,0.5.11,CYT
0x0d9f987eef64adca538b569bd446ff9be30b9580.sol,0.4.16,TokenERC20
0x56bb6f961f2cb9947fea063df1a42c2233487903.sol,0.4.25,TAPSPAY
0xa20d4c83fee654a477d242d8c85450334a2a07ba.sol,0.4.17,KALIToken
0x4f464372d8f8a89e99ce56658ec1fd8f883394e7.sol,0.4.26,EDISON
0xaf448eda0c5fe6f80d53a5b89d300b2047322b11.sol,0.5.11,Crowdsale
0x4e48b77320858fc33a6f1ad2f15163a3b0be89ba.sol,0.4.24,HackPoints
0x8a97381a9d17492a24764c399b7e8c96e519fb26.sol,0.5.8,burntest
0x2c9ff8cd4266de4ba3a8a8e53391853cdb595c23.sol,0.6.2,ERC20FixedSupply
0x9bec6ae09e800fb759acbeb385af47e5d7e12176.sol,0.4.24,MarsToken
0x5facec6e543e1a4acf46f0dbe25d85e6cc48eaec.sol,0.4.22,Lamp888Token
0x80904e09e4735e5c88745204e367cb1fd755a11d.sol,0.4.16,TokenERC20
0x09a8f8cba6ffcebc57e4a0ab9110f6bb774b4c97.sol,0.5.11,DharmaDaiImplementationV0
0xaF38f85272d83c2a252Ea1D2176d638FF8f5b138.sol,0.4.23,MainToken
0xb6b84599203ac074ed637a50e67c97185c7bd167.sol,0.4.18,Token
0x511c0d010798d2b753b0042816ad42907866bf9d.sol,0.4.24,THMU
0x1442821f263c8fce77391ef691c83bdad318c569.sol,0.6.10,iCollateralVaultProxy
0x40569ED020136BC8AaB92033536106a90652dCf6.sol,0.4.23,MainToken
0x5e35d4656191613ca64460feeb427f9d238d2b75.sol,0.4.18,UCORETOKEN
0x5b296d2eefdcd931570634ab66532a4b732be4a3.sol,0.5.8,Ohmaco
0x342a6596f50b4db7c3246c0f4efb1f06843d7405.sol,0.5.11,CTokenManager
0x5c4e325d2c570443f4ea3ed5623c58de221e9475.sol,0.5.11,BestOneToken
0x9f1cf4b26211406e0cf1bbf0e3fcc8031c3b9f0a.sol,0.6.0,BaseToken
0x9ff2e4f332d91ccc3ab368657124d6b736b64590.sol,0.5.12,QCAD
0x8f208a61bd9552d00b985aa3ad89188f540ca38c.sol,0.5.1,USDOLLARSTABLECOIN
0x8081749f7f049d0b7e32bb33decad9eed96693d5.sol,0.5.11,InternationalFinancialAsset
0x3dfb87b192ff03cfd606e2f2fe4220d8b0bca6fc.sol,0.4.24,SEADigitalToken
0x453F663003EDb45b8AABf06a4CA3081F6a4C9101.sol,0.4.23,TemplateCrowdsale
0x58b942E23E1eD671413d149aFC5597D0d7202808.sol,0.4.24,HltToken
0x5f3e90b7ecfbc4f63b60c55ec0e825a927467bcc.sol,0.4.26,MRDF
0xa1a1e36128f9a72b53a181d5a866d44c591858c2.sol,0.5.16,ZFI
0x7Bc5790Fd0C23F45f29f893DF2De8965A3e51F15.sol,0.6.1,TokenTransferProxy
0x8fd41fa261fe4f58c62518008062e24761f07bbd.sol,0.5.8,WrappedCF
0x87d0ca581aff3fe2581d0460ecd7bad8ab795611.sol,0.5.12,ExchangerToken
0x70f2d035a411b806f6f2b3632fe6d748d90eedbf.sol,0.6.10,iCollateralVaultProxy
0xb7479f143f0a0923074b06800322a897f1ffcc0c.sol,0.5.0,LBXC2
0x3fd30714364a1c6d4ef7fe740e51a7352dff2bd2.sol,0.4.18,Hdoki
0x63551b8bc265ee6f68ed8e2d439cdd4ef8803826.sol,0.5.12,CheezyExchange
0x774b629d402d4099f48f7ad0df4a849a0a19e89e.sol,0.4.26,GUCCI
0xaE94d1F83D37C920a4C686cdC8659ae4D68cD0Bc.sol,0.4.23,MainToken
0xa153C1bD407fF2467bB221412AE34B93107B1476.sol,0.4.23,MainToken
0x310657e9ca3825519c44eb970a7599743e53aab0.sol,0.5.0,TokenMintERC20MintableToken
0x989135bb77a68a247c318d63e9d6d4f0be815e83.sol,0.4.23,EduCoin
0x87dc0e4680b84199727dfb7db667af80e040bae0.sol,0.5.1,GBPOUNDSTABLECOIN
0x65525415669c1bb2d1f55f51cc0ac7b57a68e9ce.sol,0.5.0,Dukat
0x4c131366246b50017f3eed0bd82fa77c77a7aa9d.sol,0.5.12,Flipper
0x15eabb7500e44b7fdb6e4051ca8deca430cf9fb8.sol,0.4.23,MainToken
0x5762fb923ebe240649982ce2bddd06d8c4927d9b.sol,0.4.26,TokenERC20
0xa45cb1bbb00cd9c28435c58df11c6a3f08f36302.sol,0.6.6,AccessControlledAggregator
0x242f846564611a3676824eee23d047c78f9a6c62.sol,0.6.2,TGB
0x87aa50a33899fb292f910c9464f66a68aaab729a.sol,0.5.11,DharmaUSDCImplementationV0
0x6724e93bcad3d067d8f3f5071e050294c49895e8.sol,0.4.16,StoboxEcosystemToken
0x33d19f9e3e3f083ec5c2425401cc53d96e79ac3a.sol,0.4.24,Test123Coin
0x90cba3d03af8a0378b8c58f8ad02baa0b13e0060.sol,0.5.0,Staking
0x7c5d4f8345e66f68099581db340cd65b078c41f4.sol,0.6.6,EACAggregatorProxy
0x86502dbc83be3890ceb9c38da50e2d89ebaad87c.sol,0.4.16,ERC20Token
0x038a0a2a26d0f65237015db3f892d70cc34d51e7.sol,0.5.11,InternationalDigitalAssets
0x1e511e12e8d0135dfc3fc9afaba0e33696c8683d.sol,0.5.16,Matrix
0x5b296086BC1418a27aF8760126f666Ee7f9fd15D.sol,0.4.24,EFG
0x7dB02Aa39A3d0271e4c61C04D03857a10fc922c5.sol,0.5.0,BitcoinAsia
0xa95ed3ef99d2e3e92d4fd77e29db74d6c5bf6aa6.sol,0.5.0,Staking
0x54fcf9febe4b52918c1683801b44014421192b6f.sol,0.4.17,CECToken
0x14d9444f6b9d55caba5d73f15bea947695c11c82.sol,0.4.24,Leopard
0x1bD0826e9ab9023399AbF6844E690024eae49D13.sol,0.6.6,AccessControlledAggregator
0xa795c8aa9fFe42705eb61CFF387D5cF2d781dcf7.sol,0.5.0,OmegaToken
0xa6997af40f2f87125ba490e0c539dc7bd37381bd.sol,0.5.11,RipgaleToken
0x9a3ac742f4c3d9eeae141ee7dd52ad3e9c634bce.sol,0.4.12,ALSC
0x6518e0e9ff977ba017e5ec92d98e0ce2acdfccfa.sol,0.5.0,PaymentMaster
0x22ef60f9a763800c1ecec026f5b1864ab0db736e.sol,0.5.2,DSToken
0xa2c3b8de1d63beda54d817c88fa4073bc42e10c2.sol,0.5.1,USDOLLARSTABLECOIN
0x8b12739df8760a67e79afbe0cd8cf113c009f411.sol,0.4.21,WJLToken
0x376435eef01eb51730f2f4e8f9c425b6912fa575.sol,0.4.23,CHE
0x31C785fcbA8429e1E566a0110D75ee42687aac9B.sol,0.5.0,PausableToken
0xa0b16f982685a9160da82f561d798eacf4f3724f.sol,0.5.0,Staking
0x54a34bd893a2f8e90370fd7e1556bf43f7a29d1c.sol,0.5.0,ThreeBodyChain
0xad7f2125c05837b0985e1aa3ba76dded2fd6d59b.sol,0.5.8,DMLToken
0xa2db8321a92e8b9e29881a24dd0a95a936a572a3.sol,0.5.7,Token
0x5e90f3e3ac180089ad1be0c85304a5e5582cd19c.sol,0.5.1,FGO_Token
0x27d0fe413227717ac790f9bf310e39069bc6397a.sol,0.5.0,Staking
0x34950Ff2b487d9E5282c5aB342d08A2f712eb79F.sol,0.4.23,MainToken
0x6ffbd6b41b802550c57d4661d81a1700a502f2ab.sol,0.4.18,PoliticoinToken
0x82bbde965a73cc4535b8de32e6951603ca7a118e.sol,0.4.24,Yapcoin
0x54c01fe3eb5f1ac6fab776766ff925add6608809.sol,0.6.6,AccessControlledAggregator
0xa202f3c4e862c3f950511b96bac9bb83b317f012.sol,0.4.25,Token
0x61ab1d42f0981dbb7069831e239266e8861878ba.sol,0.5.1,PALLADIUM
0x3bcdcce9b65c3af4764609c76bd3ac035d130a0c.sol,0.5.12,LockTokens
0x19816294969ec8745a402133bf7c256c02eeabc9.sol,0.4.20,ERC20Token
0x89212effef6420a9011f062a2673cf44ef413bb2.sol,0.4.26,CRYPTOCASINO
0x0D255d76348D497790761E2F532fd1869Cb74eE1.sol,0.4.23,MainToken
0x23526d7DA4a36ae3ddb909D6e8f733A3Cc703Ad8.sol,0.6.6,AccessControlledAggregator
0x95c9144e400e3bfddd232bf32fc7b150542d999c.sol,0.4.24,DWGT
0x0de2a05c8a3f25651c7fe0fdad821aeec916f7fa.sol,0.4.18,WrapConversionRate
0x4c985a5a02a70e78f9c4474e73120884562c852a.sol,0.4.18,SetStepFunctionWrapper
0x7decfd85a24e0bc3619d3952e61aa7d3162a2613.sol,0.4.24,MINI_BTC
0xa35b958fe2f84f15f4ae4bcb2f9c00adf9c4a38d.sol,0.5.0,AmericanoToken
0x91ca1d9624084c113d295f2a87fe9cf321fe8dc1.sol,0.5.0,TokenMintERC20Token
0x925a6db32a4de9a5ecb1fd8bdaf1eac2709f268b.sol,0.5.11,CryptoDaysProfi
0x406ab55c0bab2d4a3361f87f251211c3090d80bc.sol,0.5.0,ERC20Token
0x410e0b1bffe0c4ad183266b58d09b3442ffbe1bd.sol,0.4.16,TokenERC20
0x3806012233e34aa690e258f1dd4b534ab793f2e2.sol,0.4.16,IOCoinToken
0x7df50deabb5c7e10172e152ad3300be25a9d3073.sol,0.5.0,Staking
0x2c41da8bd34e39a3d3841433d54ba031264bcce7.sol,0.4.26,TokenERC20
0x33336DA3dBe1196134d56f62f5F352ef86807b76.sol,0.6.0,InstaIndex
0x9522b5f39a11743977214467d14513a6718d7b96.sol,0.5.11,Fireball
0x32dbd3214ac75223e27e575c53944307914f7a90.sol,0.4.24,Aggregator
0xae006c796095f09dce55293486d57579bdd207c8.sol,0.5.10,AlethenaShares
0xa2e9434c0437ef896705d295fad867f234b7fe55.sol,0.5.16,ShareholderVomer
0x3fc117b54223e3986154f83c0655348c5729d636.sol,0.4.17,TetherToken
0x52f4ec19369763fae1020d1730d6f41d78598ef9.sol,0.5.0,ZiNiuToken
0x5936cA0b486eA7B23141f5498f21688d96ab60f8.sol,0.5.3,BasicToken
0xb545f2841cb5c03e4c35605c3103e3045af614b6.sol,0.4.11,PausableToken
0x2ecff878b5567a4be4e5ea0f41749ca62629a952.sol,0.4.26,PRADA
0x6885be47eaaacfb80e6858b8ff00ebe2389b5d56.sol,0.5.0,DGT
0x054bfcd07b64575c23c0045615b37b297e2e2929.sol,0.4.16,TokenERC20
0x4d6f5dfcd69ba31bd5188b11287315b198904cbb.sol,0.4.16,ERC20Token
0x32b666599411f4721de6724c968ed9b3d1cabd79.sol,0.4.24,Yaapoo
0x398e616b74832f26fb342913e0d81fffef70fb71.sol,0.5.0,Rambocoin
0x3f19befe54e45467192de0edf5502b042934825e.sol,0.4.24,CrunchToken
0x42ac02103b2804ca4af3dcd42babfa9ff46d88c0.sol,0.4.26,BitTime
0x8175b3552c25b1b0c04e64b4358ce886ab3e9f0c.sol,0.5.0,TokenMintERC20Token
0x8172a4bac1e193afbd0e9d8e1900bc7f61041dd8.sol,0.4.25,Dinkey
0x240a4d8a4447ac3e2a8bc77d4b5d5a30ee44a29c.sol,0.4.19,FusionChainTEST
0x8fc9b6354e839ab1c8b31f4afa53607092b8c2e5.sol,0.4.24,ECU
0x39095e83445509c801146892defefd27df76b478.sol,0.4.16,YRACoin
0x91fc23ac10626f1f051f6f0b3ebc335b2006e9f4.sol,0.4.24,UrbanCryptoCard
0x2e4BFA61391230013c30deD7384DD80E282859c8.sol,0.5.9,ERC20BridgeProxy
0x27191cba7560be807ad4ec3d9b54722a5fe7d633.sol,0.4.16,TokenERC20
0x47d9d899bFb70CC53634e0Cd7eEa105217aD1649.sol,0.4.16,TokenERC20
0x3f38cdae6c197ff2d011c2ed4ab768144375743a.sol,0.4.25,ONIX
0xa7d38fbd325a6467894a13eefd977afe558bc1f0.sol,0.4.24,Aggregator
0x108be4b0666eebcf327cca3d374a8a6a0e7ce5e0.sol,0.5.10,BCHPleaseDb
0xb7f5176c702f30724a4ef661e27a293d0b3af50e.sol,0.4.26,BMW
0x6c158864d3b06113bfd9f5f2c219725fd5bc3923.sol,0.5.10,ETH
0xb83Cd8d39462B761bb0092437d38b37812dd80A2.sol,0.5.15,ERC20Token
0xB0111E70d54D1Ff1DAe4aB6DDfAf110E25887396.sol,0.4.16,INTToken
0x51c586e20ee54836c231a5ffab38098a6f6a3853.sol,0.5.16,BuzzyFinance
0xa3f02a3f299013bf4861a4b4473feadb660bcaf2.sol,0.4.23,BitherumToken
0x55177f90e2c0b699aa00f03043e625f36e27275e.sol,0.4.24,ElrondGold
0xa6ea3b9c04b8a38ff5e224e7c3d6937ca44c0ef9.sol,0.5.12,GemJoin
0x784cf30c7c61d0f20d6fa6c100ef6ea2ca4e4aed.sol,0.4.18,SetStepFunctionWrapper
0x45639d24d8E145Fe40e24A7a60cbC32D275f65b6.sol,0.4.24,DALK
0x73f588a77d74a3973496e23dcef7ff1bcc989de2.sol,0.4.24,_0xCatetherToken
0x716523231368d43bdfe1f06afe1c62930731ab13.sol,0.5.10,_0xEthereumToken
0x617F7C416ceC4361246fac916feeB187d0C3e970.sol,0.5.8,Flat
0xafb4785303b6dac4b6f125a271d9cf8b62f71e78.sol,0.4.19,ZorroToken
0x7ffe4e2883754f334c542968cf7ce8aaea47f3f0.sol,0.5.0,Staking
0x6c6a59a7346df8e95f7a0d07204f88e812dc726e.sol,0.5.14,cTokenKyberBridge
0x4704697f1390d1d1d7c898094bba44b53e9fdec2.sol,0.5.0,TokenMintERC20Token
0x5c7b52bdb09d9889159573aa98c06d325feab6d3.sol,0.4.24,FFCToken
0x52b4f84d785317039868acf2600b47c64d8f96f7.sol,0.4.24,PAYTRADEX
0x738e20a5442f40056e7085e386e2ff9284d8d402.sol,0.4.26,TokenERC20
0x98439bb859c63cf1b0b24610d4e83ca2c0e8981f.sol,0.5.4,SafeLife
0x6b136b14282f31728a6fc4982bafab53be732fff.sol,0.5.16,ResultCoin
0x84297cd541e4a947515b283fcd71f874a6ab782e.sol,0.5.0,Staking
0x5e5f7c7578c65fcf2f07075966a21b833ab7bbe9.sol,0.5.9,Dvision
0x5c3536c7cd64c3bcb6ea01c00c2919bcd5053aba.sol,0.4.25,BlastBox
0x1EC7896DDBfD6af678f0d86cBa859cb7240FC3aE.sol,0.4.24,Aggregator
0x2ad798c91624724811c1f18b4db3e1d4bcf8bfbe.sol,0.5.0,Staking
0x50d9c8ad0cdd015e4027cf88783c0abf771dfd18.sol,0.5.10,ZTokens_ERC20
0x5E4334fD53B95dF63993c805066d693bb8CE5dFc.sol,0.4.23,MainToken
0x89cf2c569bc7dfb047083572794e560d0f668f70.sol,0.5.12,Token
0x87df44b808d2b816bf0f19302923dccd40569d45.sol,0.5.12,LockTokens
0x23914b61e98da1e9e20b98d8cc41a86bc80a899b.sol,0.4.18,Token
0xacfd10b53392c1879df4f8b9492763b48a64aa38.sol,0.4.18,CACPLUS
0x6fffd2eed8553d674d69894ff44f2d55717b363b.sol,0.5.3,BasicToken
0x33afa6514ad44594b1886859165b9aa641bdaba9.sol,0.5.0,LOTTO9
0x3720b72c4f0b9f2d684ecf04c2945a7100c56d8b.sol,0.4.17,TetherToken
0x5f58058c0ec971492166763c8c22632b583f667f.sol,0.4.26,BancorNetwork
0x0c2e3bbc4646c872a3F5A745D2902aFFda82C58a.sol,0.4.25,FlashXCoin
0x487C3DBBEE2f67Dc8C6eB06Cee6f0Cc2501c58C7.sol,0.5.0,TokenMintERC20Token
0x28c57fadaf89f2ab6f4a12972007daa841b9cfc4.sol,0.5.4,PAIIK
0x3bde675fe78ca4f11aeb719123d5dbe7c207cdf1.sol,0.5.11,Morality
0x4aa8a69d141d3315c100516390bdb63c2f3af291.sol,0.6.6,KyberRateHelper
0x02fc77b3658e006ac54334103a8c85114f68301e.sol,0.4.24,BiomeCoin
0xa98dfead53e38670af03486f5e4536ed436b033d.sol,0.5.12,LockTokens
0x981d8701e5a7a1930fe342cf5e6616455e60c2d6.sol,0.4.26,APPLE
0x435b67f0dcae34c046720de42fcdc135b8f90e55.sol,0.5.0,BistoxExhangeToken
0x6f54421a9f5e40874ba4f5b1e7e335401b80a4fa.sol,0.5.0,Staking
0x38845dcb97972078cf16daf1d0b47d81b777f6d1.sol,0.4.16,MyAdvancedToken
0x0d44b84032feec4326f1ebe03194c5cc11038c22.sol,0.5.16,XTINVESTING
0xb35a761c7f56aaa6e70b0576ed5f2f83524f5cc6.sol,0.5.11,HeliosToken
0x493bc72e7f6cac101fcdc3a4568b94ab270c3dce.sol,0.5.4,FixedSupplyToken
0x71274b95b994db1edadf66867203b4869c26d98e.sol,0.4.16,TokenERC20
0x051096b73b227f63a0c8f863b436e9a74faf1bf8.sol,0.4.18,CyberSecurityNetwork
0x6776500588f0479beefa31ca7a81ff08ae567757.sol,0.5.0,ERC20Cappuccino
0x1992b427df3ee6c679bc7d977cbb14432c583fef.sol,0.4.24,ILOVESYS
0x6de46884806926275624c2238a312f11f7386579.sol,0.5.0,HabriumERC20Token
0x648d19d775a8d4bafba09e189090bdcbf8ef31c1.sol,0.4.24,SAFARI
0x94855082f3d6b76e35c1110f8a0d720127c146e9.sol,0.4.16,DublerToken
0x5750a2117c14cadd1cc523fd8a600559c89c83bb.sol,0.4.18,WTether
0xb4a677b0e363c3815d46326954a4e4d2b1ace357.sol,0.5.8,THENODE
0x3a3793de348623a037535c9f37b80152d00edd5d.sol,0.4.24,RichToken
0xa6feca56c0ddaf5865c967c93cd158bf5b04d6f6.sol,0.5.16,DeBankToken
0x3e2ba83660b3b4d80479afdef0c0d8ce50c87cba.sol,0.4.18,Token
0x13dfa8e094764e43f539351df393be6ba4a3012d.sol,0.5.0,StableAMM
0x0c2dcf13ba0fc7a1bcd235d3f9037aa0ab7c43cd.sol,0.4.24,ECOINV
0x238fdede5a3d1c87b72353e4cf8643c0f8649b5c.sol,0.4.25,DouCoin
0x51d2d2079846f56382702d4a5bc16a9b90cb42fb.sol,0.5.0,TokenGeyser
0x4e4e9bde91dfa6c5a6f98a8656aa7796b5cc34b5.sol,0.4.26,TokenERC20
0x509b21245e3bece664c79fde7aad36d82442b7c2.sol,0.5.0,PropertyGroup
0x09426f3089496863fd07ac903c45a30bda4a27e5.sol,0.5.13,Axion
0x59405d4d1d34ea5c8ecae35f52a3e36c29d6c35d.sol,0.4.24,StrategicAlternativeEnergyToken
0x8129bc22779b79ab69fbe872b6ca5518d6df3585.sol,0.4.18,_0xRPMineableToken
0x1685c94af73f78c1f9843d65d1f1381c101617a1.sol,0.4.26,BDWX
0x1679e9d59dc30834955a05feafb67ac4396c0448.sol,0.4.24,Elrond
0xb11ec0198541bc59620bfa2e5d8607583f328734.sol,0.4.18,Token
0x004982bfa6ed67cd7f290f45aed3057e5c7463e0.sol,0.4.24,AEther
0xab8a38e7d0003275093f391da84e418c1da43a97.sol,0.4.24,StandardToken
0x619f9ed8c330803bcbaac0218d8e617cba1d5172.sol,0.4.24,FlasToken
0x5770edd5099b570f0fc4ca37949171b3137a186b.sol,0.5.11,DharmaTransferFacilitatorV2
0x460c84f33f63f9ca1fb73d95fd508e4c9574e85c.sol,0.5.12,IntToken
0x664e21c3b7ca6bc4e78104640a46f35cbc3abe02.sol,0.5.0,CRK
0x18e1cecb7277b0f19869911d44160ab9e0317b55.sol,0.5.11,RipgaleToken
0x456ae45c0ce901e2e7c99c0718031cec0a7a59ff.sol,0.4.19,ERC20Token
0x2976f6cc7498de595ff5b688b5d26ae99d157fc0.sol,0.4.24,FJTX100X01
0x41e9fb94640bb8b3c766f1108ee102849fc2e358.sol,0.6.0,CRV
0x2d64234ff9295174c9805ca68ef5f9ac63f21554.sol,0.4.24,eCredit
0x33E82253e8b84e7Ea95B7eDC710Be3bF576A975E.sol,0.6.6,AccessControlledAggregator
0xa9923971e41228da736cec1e6fbb4670d96d4955.sol,0.4.25,SANTOQ
0x52638106ee69532bd091cafbc55203be74f10200.sol,0.4.24,Queso
0x1b10e71a1b41b74ae555134381a5e1f6ce81e693.sol,0.5.11,BestOneToken
0x9c1A48a8A9bd4345DCc16d65F96f20417a7DAacE.sol,0.6.10,TrueHKD
0x5cd5cff91fc3bfd3aaf1d769b1e040a88266bac5.sol,0.5.11,GCM
0x56344b026d1a06258d95e6bc9c1af261f984a02e.sol,0.5.0,GamerpullToken
0xa5c617ce3b7596d3fe8a4e38406b82b7d8ab9015.sol,0.5.0,TokenGeyser
0x4A5139bfDe7aA604806Dd967d03539EF5d4bDF85.sol,0.4.23,MainToken
0x29d513bf1195e9b2d17f2d728c0c423300f44df9.sol,0.4.11,YuCoin
0x2918eef1e0fac9796347527d8f4a9be8538fd675.sol,0.4.19,JUSToken
0x349de3c807e2f68240711279e925568feccecd66.sol,0.4.17,SHAToken
0x48b553caa30178c346d517e593fa4469b7186aa1.sol,0.5.16,XFI
0x2b3e5e577fc8604528ecce7685d094b881eaec98.sol,0.4.24,ZyxelCrypto
0x70619ec7f90365efe96c09558655e3393654140a.sol,0.4.24,DecentralizedNewsletterChain
0x504b60a4133699c7056b58d3fe11ea73865a2d65.sol,0.4.18,CapitalCoinExtended
0xa4da9e58ccaff6eba52e81a65b069ac5e77d7e4e.sol,0.4.18,DeBet
0xa117ea1c0c85cef648df2b6f40e50bb5475c228d.sol,0.5.0,DUCATOProtocolToken
0x362998bce7bfc45c1b0a2ecc83952e09712afddb.sol,0.4.23,Bruciare
0x6108f963512eb5632499aa78f39a24fe66b29de0.sol,0.5.16,ShareholderVomer
0x8d6d12062af28936800e2b8193cfaf9805e0d0ff.sol,0.4.23,DigitalRhodiumDRh45
0x6d11799817dc29128cc1fc195184c37c1bea33c5.sol,0.5.1,EUROSTABLECOIN
0x4a4fd2D0368685A9C4243b6c83EF69373dD5c118.sol,0.4.23,TemplateCrowdsale
0x594811736543b0601b50faed7db1cc01079f0443.sol,0.4.26,KRW
0x6552fc82fee7a136e37250d5f2cdeda47de684b9.sol,0.4.24,INVESTMATIC
0x89954cc43cf6e31303725e6b10a40074f6b567f5.sol,0.4.16,RightStarCoin
0x2B9234eEC1125F60a0c74Fe47f5cBa5DBa53a760.sol,0.4.25,CyPunk
0x29d850fd5d401d31a9ca43f9c05b0a04f27f008f.sol,0.5.16,POLKACOIN
0x4e7339f6bc01899772f18397f29ad64c07d3ddc0.sol,0.4.16,sneAdvancedToken
0x5513d6a79b7a2d1734fc590d8071e45e73aa2dae.sol,0.5.0,Staking
0x11d147e8d39F59aF00e159C4b1fe3a31D58A2C66.sol,0.5.11,WHIVE
0x9079F3343E895538C777d75f44a8De451f641906.sol,0.4.24,FJTX10X02
0xb020ed54651831878e5c967e0953a900786178f9.sol,0.4.24,BazToken
0x705794a33b0acdd9c47ad363c82a45a20056f734.sol,0.4.19,OldminToken
0x4c14114c107d6374ec31981f5f6cc27a13e22f9a.sol,0.4.24,SToken
0x669f9d7d73a9aa0e21d8dd5f66d8846a5422b43a.sol,0.5.0,Staking
0x890275d5797963678bfff0944776C1646144830e.sol,0.5.0,WithdrawStorage
0xac78eae6abbab0fee684425614bf694547eccf7e.sol,0.5.4,LOAPROTOCOL
0x64fe692be4b42f4ac9d4617ab824e088350c11c2.sol,0.4.24,Oracle
0x84Aa05BfAA2B3cfa3449a1B85171a13f03A18B1D.sol,0.4.18,PRIVTOKEN
0xB6733d021B561f711F0490C7021500332d6D33B8.sol,0.4.24,GESC
0x6c22e9391f99cddd9c6e116796b14ba5360c1e04.sol,0.6.0,InstaIndex
0x8fc8aa0ac524b31ddf0f5ee6331fae02550ae266.sol,0.4.24,Oracle
0xa8b0279acc96efebd09955ad8240b2d30b53055e.sol,0.4.24,XMDDexChain
0xa2bbff7d7ae42d75174e5ded3db70840b4b6341c.sol,0.5.10,ZTokens_ERC20
0x3d10d0907acd2fbbdc1abba4cd714b3a40196011.sol,0.4.24,CoinJanitor
0x66a0219fc25aB454fE4f2ab44451ABC1045C292C.sol,0.4.23,MainToken
0x3f9c0211e9ddfccabd614162ffb768f5a7a8ab38.sol,0.5.2,ISF
0x31126416f0dbc1283dc5295ee6ea04ff83ee3531.sol,0.5.10,Zhey_ERC20
0x3df26c13ada80234ff374bbf9e6080fa9d843227.sol,0.4.24,IRT
0x90a21d67fb371bb1f471787d77e643233dfd71b7.sol,0.4.24,YNC
0xa3e89b7b9b0d587db6db486189e3a793d8e49adf.sol,0.5.0,DRO
0x6b1e2396a53d620f604852abe1cc989dbd0b2b20.sol,0.5.10,TRIZ
0x91f5f9c36b093907b0f99d1dbcf41aaf1db28916.sol,0.5.10,_0x
0x5c5c80ab9016a7ccd1c91dbdc7f134fc063a1487.sol,0.5.4,LOAPROTOCOL
0x9396f92f4af13d211589e078cf0f55f7cd60befc.sol,0.4.16,TokenERC20
0x148176d1915d0F427aA215962a0e1946291ceC70.sol,0.6.6,AccessControlledAggregator
0x9bd8ed9585ab6b51eac59e254317d6a7bede6feb.sol,0.4.23,MainToken
0xa3e9f6743ad886ac3d1b26d8cbcb169ed9c01b64.sol,0.4.20,ERC20Token
0x5c0bc243fb13632c4d247f4f0bc27f2f58982c39.sol,0.5.0,ORYX
0x51c9C2475f106fD6BEd2Bd45824a9AB5B0d24113.sol,0.4.17,TetherToken
0xb446a712c5d7da46ce1fe5ee042b8d5384a6b6ef.sol,0.5.0,Staking
0x288685e88a1885c631478492e0d948d91cc44570.sol,0.4.26,Yhbt
0x68e1d15afb512c79ae7ef2d6ecf9b33396b26ecc.sol,0.4.17,ATSToken
0x4834684cb1b52be205d17c7f46e01b7a2bf71b73.sol,0.5.0,Donavan
0xa6781b4a1ecfb388905e88807c7441e56d887745.sol,0.4.24,Aggregator
0x2da5133c2b4875186cbd4901caf0d32a6842472d.sol,0.4.24,ambrosiacoin
0x1e71676f95ed43e100c26e3411e7b6971e9f16f0.sol,0.5.16,StableAMM
0x4948ec49695972806746264b0a4f9606ecbe9354.sol,0.5.0,MotherFuckingToken
0x009B40Aab0Ec2d4abd696dB7b0cfCe5C24EB9114.sol,0.4.24,CAMToken
0xa90c43e0d6c92b8e6171a829beb38be28a0ad073.sol,0.5.0,EGORAS
0x9d3e265121604c0b17437d8e1fe619900f6c474a.sol,0.4.26,DCND
0x3c5916c40c13ba2a80b66eeddc0b8cedd5e647c7.sol,0.4.24,Tribezcrafting
0x630022871149E6EdF70F41B8108bc19d928AeF01.sol,0.4.24,Infisectra
0xa2e473eda4c379866e6cb749a3ca5016e8ce4f28.sol,0.4.24,ELTOSXToken
0xa7d779c9db310a3cb281448dd1db7da8adcb335e.sol,0.5.8,WMVToken
0xb31ea00012fe90ae481f4ebb0b373a9a443b4e88.sol,0.5.0,StableAMM
0x6ef38c8ba4a81e0c760b2ecf8c5d9f9cb234d4c7.sol,0.4.12,Token
0x57225b4B6A097BDeD9D6FC4E848173b7928224c0.sol,0.5.0,SimpleToken
0x2b00bead1381aac9bd847e029f28dcf33248e3fa.sol,0.4.26,CRYPTOCASINO
0x4557dd887abbb56f708e4e0addd0936b1eeeb3df.sol,0.5.13,AunicToken
0x893b52e96f3230abd23fbe48ee408b7a1a4b7e30.sol,0.5.1,EthGame
0x503E3b722793d0e3d8e0DbA7D01aC55c92837a23.sol,0.4.23,MainToken
0x6b58a7387e03797a23cf45cea1dd33c68a90662b.sol,0.4.17,LeninToken
0x4df395e6bb5d46dceac7255af70034d103d9f684.sol,0.4.26,COCO
0xb30fae8c3496455dfa29c171096e9b55076b1561.sol,0.5.11,Era20
0x5976b1eED9cC221Be127eCad9393Fe0A8Ea8796a.sol,0.4.23,MainToken
0x11cbb069aa7f8fbf00c62206d1239e11dc62624e.sol,0.4.16,TokenERC20
0x30aff2bdce39a7c4672df25960bb4679e66aef59.sol,0.5.0,TetherUSDN
0x7F2CBA46d826BB0D249F22aFb040a08498Afa62D.sol,0.5.0,PausableToken
0x52fdf7316f72209d9a010a29d7ab34f29fd9ef17.sol,0.5.10,Collateral
0x68b9aaa79a7e75059a765ed9d1668df82e70848e.sol,0.4.26,SJBcoin
0xb05019c110A28e2F2dE0C80658766813e8672497.sol,0.5.0,SnapBotToken
0x026f23ae03de7d81e3af7252818fe9a05ac13a25.sol,0.4.24,COGEToken
0x2ebd2e2d56dd6574edff14bf14f6c4c5eb43dc52.sol,0.4.24,Bitcliq
0xae3a6d3f9cf372aa63a9b5d2388b3f0ef18e49ed.sol,0.4.18,CreditLawnFinanceCoin
0x6944d3e38973c4831da24e954fbd790c7e688bdd.sol,0.5.0,IzeToken
0x996c029746a468e75d6392d1d615a3899766c271.sol,0.5.0,Staking
0x9e8a7fe32d0a9498df565939e67edc55d53404d7.sol,0.5.0,Staking
0x3422276Bd1c1834e2C1A93D88Ce1a95028190DF8.sol,0.5.7,tokenGenerator
0x5CfAFCBbAd0e6C0363a7689b605ddFf5Ee3691fa.sol,0.5.0,Town
0x2ae83d024a0620d8a02e4bea055f1e05c5fc8396.sol,0.4.18,ConversionRateEnhancedSteps
0x2a7e7718b755f9868e6b64dd18c6886707dd9c10.sol,0.5.11,DharmaAccountRecoveryManagerV2Staging
0x20eac4c10f13121a0bb14e533ea69c59762e426e.sol,0.4.24,SRT
0x6f4e2618fc0ee75ef805e2873b11715de2b3c787.sol,0.4.17,MVNDToken
0x91ee7472540cef675ebc11e3fac69de24c38495e.sol,0.4.25,XAVIATOKEN
0x2ababa5d95bc78da2de7327ee08f36fb23d9965f.sol,0.4.26,OxUST
0x98a1208a9287e378d329225836b823481d890409.sol,0.5.10,ZEBELLION
0x828a729d2f3978b8b1966f350fefb16422b76d98.sol,0.4.26,CHN999
0xabe580e7ee158da464b51ee1a83ac0289622e6be.sol,0.4.23,MainToken
0x4BB7a9C1D9937CcC051FEabCF8e39e258e08f38D.sol,0.4.22,EDUBLOCTOKEN
0x8903ba715af8dcf6ca25c7ccac5cdbc7ee56b177.sol,0.6.8,Token
0x24e96f14e14acdacdcf688d19ae66bed82a409bd.sol,0.4.24,FORSAGE
0x5520ebfe30806052125d30e66897f6ac3603c2b7.sol,0.5.0,Staking
0x331a4589516eae384ea5f557853af6af73b9534e.sol,0.4.23,MainToken
0x6722beb864a83cc9c299c854e9c27005c31ddb74.sol,0.4.24,BDToken
0x2de050c0378d32d346a437a01a8272343c5e2409.sol,0.4.24,Aggregator
0xaeb330ed69bb596589d102ef6a21fef9a09c780e.sol,0.4.26,FairDice
0x7c4a899b680651939e134f9225775e9f0adf303a.sol,0.6.6,AccessControlledAggregator
0x2da6482c770c55b23f66a6190e8bb76862419aaf.sol,0.4.18,CapitalCoinClassic
0x2acf7db66b767a431acfdfe9f8834ddf5835c53d.sol,0.5.11,GlobalCoin
0x9135D92e3A34e2A94e4474B74b9DC2d51118eeD5.sol,0.5.2,SimpleToken
0x425e539f5c7bba689a75ee8238fd8dcb7a82fb7b.sol,0.4.17,RABToken
0xAccE090ABee68402A2FB8E3Acbc31b58a9341466.sol,0.5.10,Collateral
0x8f606283c8c2f099810e3354b7278bef95f31a4a.sol,0.4.17,SDCPToken
0x32b0ccfd4a9911fb59ad3a55c5d6545c1b7ede5c.sol,0.4.24,DouCoinTT
0x3b3ad8a4acb7d0dcdf9f9d82e603c1cc5bb9408b.sol,0.4.18,DOGESTABLECOINTOKEN
0x6fe16816d3d05e702af450f6adb094e4346715ac.sol,0.5.0,SlashToken
0x12a7e9e733480483ac5269212347934371d1a568.sol,0.4.24,Aggregator
0x770e49dddd3d65be1682f318717d6e3e23518349.sol,0.5.0,ERC20
0x3989cadb8a41bf987117be349b6c610f01996caf.sol,0.4.17,TetherToken
0x368ce0d279FF970f616E1E460d413bc44082dF0E.sol,0.5.0,LOTTO9
0xb07f5e43ec06c81758ea9e4f2bf0d9b4a98110d0.sol,0.4.26,Cloud
0xae1ff698ce46a7607dde1261e59762125b838626.sol,0.5.10,TokenSwap
0x0a87b2379637ebcd743fd5c23ff1c5731556ef84.sol,0.4.26,MONROE
0x34b780d5782ff49632fdeb34efe71fd7d89779a5.sol,0.4.18,VACHIER
0x9c42083a02903624c4d16616468ac1f0e1589520.sol,0.4.18,WrapConversionRate
0x4321a7ccea7d05e4d9bb4ff65716a107e0b5e00b.sol,0.5.11,CVS
0x2c2ad243e228405a0331c946c655b2ae6c9cf457.sol,0.4.16,ERC20GLD
0x8e45aab69795f60b693c2ad91bbe990b64a7abf4.sol,0.5.11,CoronaVirusToken
0x7c9D8Fb3bDe3D9Ea6e89170618C2dC3d16695D36.sol,0.4.23,MainToken
0x4234f27fcec64c182eeea3f0421d837436df8195.sol,0.5.12,Prometheus
0xa7a5c1058194af8f00c187adb7fcc0c95f1c6c2d.sol,0.6.11,SpaceiZToken
0xa66a5f51667da71179c23db79a58c16193dd84a1.sol,0.5.11,LibfxToken
0x283d2d5fa7ec80f00bfeeb370e1b8cbf7caba614.sol,0.5.11,YAMToken
0xb4cfde09a14b05f1affb97f409fc0333e159957e.sol,0.4.23,MainToken
0x0ca0d1d286bcd99d8c48b3ac71269b793b45dab3.sol,0.4.18,AQUA
0x97f8dff1ad346c70f236de97ae6794254894330c.sol,0.5.13,AIRToken
0x3018ad228BB7830Ec2a2cD80d4056F9551B5C6e7.sol,0.4.23,MainToken
0xb5bcd83a636518f8eb0d323a1c3786835d78b639.sol,0.5.14,cTokenKyberBridge
